FoRAGE_ID,Inter_ID,Source,Predation_or_Parasitism,Dim,Field,Habitat,Fresh_or_Marine,Predator_cellularity,Vert_invert_pred,Major_grouping_1_pred,Major_grouping_2_pred,Predator_scientific_name,Predator_type,Trophic_level_predator,Prey_cellularity,Vert_invert_prey,Major_grouping_1_prey,Major_grouping_2_prey,Prey,Prey_scientific_name,Prey_type,Trophic_level_prey,DataOrigin,PreyReplaced,Hours_starved,Temp_C,Interference,PredPerArena,TwoD_Arena_size_cm2,ThreeD_arena_size_cm3,Predator_mass_mg,Predator_mass_source_code,Pred Mass link,Predator_mass_identifier,Prey_mass_mg,Prey_mass_source_code,Prey_mass_identifier,Data_set,Mean_R2_of_fits,AIC,Fitted a (median of BS samples),CI a low,CI a hi,Fittted h (day),CI h low,CI h hi,Notes 1,,Fitted_a_2,Fitted_h_2,CV_ELPD_2,Fitted_a_3_aa,Fitted_h_3_aa,Fitted_k_3_aa,CV_ELPD_3_aa,Fitted_a_3_ref,Fitted_h_3_ref,CV_ELPD_3_ref,Fitted_k_3_ref,REF_over_type2,AA_over_type2,,
1700,1,Chong 2006 BIO CONTROL,Parasitoid,2.5,,Terrestrial,,Metazoan,Invertebrate,Insect,Hymenoptera,Anagyrus sp. nov. nr. sinope,Adult female,3,Metazoan,Invertebrate,Insect,Hemiptera,Madeira mealybug,Phenacoccus madeirensis,Adult female,2,Mean,N,,25,Y,1,,1.57E+02,0.125,,,,6.25E-01,Original species length,1,1705,0.6,197.63,1.01E-03,8.41E-04,1.23E-03,8.77E-02,7.39E-02,1.02E-01,,,0.18,0.08,-88.83,0.36,0.13,841.07,-88.81,0.33,0.15,-88.83,464.75,-5.92E-05,-0.000205342,,
1701,1,Chong 2006 BIO CONTROL,Parasitoid,2.5,,Terrestrial,,Metazoan,Invertebrate,Insect,Hymenoptera,Anagyrus sp. nov. nr. sinope,Adult female,3,Metazoan,Invertebrate,Insect,Hemiptera,Madeira mealybug,Phenacoccus madeirensis,Adult female,2,Mean,N,,25,Y,2,,1.57E+02,0.125,,,,6.25E-01,Original species length,1,1706,0.72,72.41,4.55E-04,4.00E-04,5.07E-04,1.11E-01,9.96E-02,1.22E-01,,,0.01,0.06,-84.54,0.01,0.06,670.52,-84.5,0.01,0.08,-85.24,558.68,0.008215723,-0.00055674,,
1702,1,Chong 2006 BIO CONTROL,Parasitoid,2.5,,Terrestrial,,Metazoan,Invertebrate,Insect,Hymenoptera,Anagyrus sp. nov. nr. sinope,Adult female,3,Metazoan,Invertebrate,Insect,Hemiptera,Madeira mealybug,Phenacoccus madeirensis,Adult female,2,Mean,N,,25,Y,4,,1.57E+02,0.125,,,,6.25E-01,Original species length,1,1707,0.56,15.87,3.98E-04,3.43E-04,4.71E-04,1.81E-01,1.66E-01,1.97E-01,,,0.01,0.02,-74.73,0.02,0.03,1117.93,-74.02,0.01,0.02,-74.35,221.1,-0.005068898,-0.00945451,,
140,2,Crowley and Martin 1989 J N AM BENTHOL SOC,Predator,2,,Aquatic,Fresh,Metazoan,Invertebrate,Insect,Odonata,Tetragoneuria cynosura,2nd year larva,,Metazoan,Invertebrate,Insect,Odonata,Common baskettail,Tetragoneuria cynosura,1st year larva,,Mean,Y,24,25,Y,1,3.22E+02,,3.65E+00,Original length,,2,1.20E-01,Original mass,1,140,0.91,61.75,7.59E-02,6.04E-02,1.01E-01,1.34E-02,1.10E-02,1.61E-02,,,0.01,0.01,-177.07,0.02,0.01,3934.28,-174.45,0.01,0.01,-174.02,1318.52,-0.017217265,-0.014767634,,
141,2,Crowley and Martin 1989 J N AM BENTHOL SOC,Predator,2,,Aquatic,Fresh,Metazoan,Invertebrate,Insect,Odonata,Tetragoneuria cynosura,2nd year larva,,Metazoan,Invertebrate,Insect,Odonata,Common baskettail,Tetragoneuria cynosura,1st year larva,,Mean,Y,24,25,Y,2,3.22E+02,,3.65E+00,Original length,,2,1.20E-01,Original mass,1,141,0.85,59.57,2.61E-02,2.11E-02,3.85E-02,5.08E-03,2.61E-10,2.14E-02,,,0.01,0.02,-84.87,0.01,0.03,1675.43,-83.89,0.01,0.03,-83.97,612.81,-0.010597124,-0.011559491,,
142,2,Crowley and Martin 1989 J N AM BENTHOL SOC,Predator,2,,Aquatic,Fresh,Metazoan,Invertebrate,Insect,Odonata,Tetragoneuria cynosura,2nd year larva,,Metazoan,Invertebrate,Insect,Odonata,Common baskettail,Tetragoneuria cynosura,1st year larva,,Mean,Y,24,25,Y,3,3.22E+02,,3.65E+00,Original length,,2,1.20E-01,Original mass,1,142,0.77,46.98,3.00E-02,1.91E-02,4.72E-02,3.44E-02,1.72E-02,5.03E-02,,,0.01,0.01,-113.82,0.02,0.01,4022.01,-110.65,0.01,0.01,-111.23,1079.82,-0.022762888,-0.027853522,,
3204,3,Cuthbert et al 2020 ECOL ENTO,Predator,3,,Aquatic,Fresh,Metazoan,Invertebrate,Crustacean,Copepod,Macrocyclops albidus,non-ovigerous adult female,3,Metazoan,Invertebrate,Insect,Diptera,,Culex pipiens,,2,Point,N,24,25,Y,1,,2.00E+01,2.34E-01,Original species mass,,3,2.07E-01,Original species length,14,,0.67,51.61,4.41E-05,2.65E-05,7.20E-05,3.98E-02,2.94E-02,5.67E-02,,,0.03,0.01,-138.79,0.05,0.01,1655.35,-136.8,0.07,0.01,-133.75,1457.81,-0.036264398,-0.014289334,,
3205,3,Cuthbert et al 2020 ECOL ENTO,Predator,3,,Aquatic,Fresh,Metazoan,Invertebrate,Crustacean,Copepod,Macrocyclops albidus,non-ovigerous adult female,3,Metazoan,Invertebrate,Insect,Diptera,,Culex pipiens,,2,Point,N,24,25,Y,3,,2.00E+01,2.34E-01,Original species mass,,3,2.07E-01,Original species length,14,,0.92,20.12,2.12E-05,1.48E-05,3.01E-05,3.73E-02,2.45E-02,5.84E-02,,,0.02,0.01,-96.53,0.03,0.02,984.22,-95.93,0.05,0.02,-95.03,1324.38,-0.01553494,-0.006186538,,
2355,4,Cuthbert et al 2021 ECOL EVOL,Predator,3,,Aquatic,Fresh,Metazoan,Invertebrate,Crustacean,Copepod,Lovenula raynerae,Adult male,3,Metazoan,Invertebrate,Crustacean,Cladoceran,,Daphnia pulex,,2,Point,N,24,21,Y,1,,4.00E+01,3.87E+00,Original species length,,1,3.53E-01,Average species mass,16,2360,0.29,53.73,2.53E-05,5.60E-06,1.19E-04,1.31E-01,9.88E-09,2.59E-01,,,0,0,-491.65,0,0,5675.98,-479.67,0.01,0.01,-413.12,7635.43,-0.15971727,-0.024361146,,
2356,5,Cuthbert et al 2021 ECOL EVOL,Predator,3,,Aquatic,Fresh,Metazoan,Invertebrate,Crustacean,Copepod,Lovenula raynerae,Adult male,3,Metazoan,Invertebrate,Crustacean,Cladoceran,,Daphnia pulex,,2,Point,N,24,21,Y,1,,8.00E+01,3.87E+00,Original species length,,1,3.53E-01,Average species mass,16,2361,0.28,49.32,3.42E-05,8.48E-06,1.71E-04,1.44E-01,7.19E-09,3.18E-01,,,0,0.11,-347.98,0,0.14,22144.89,-345.8,0,0.14,-295.03,42564.04,-0.152162738,-0.006284746,,
2357,4,Cuthbert et al 2021 ECOL EVOL,Predator,3,,Aquatic,Fresh,Metazoan,Invertebrate,Crustacean,Copepod,Lovenula raynerae,Adult male,3,Metazoan,Invertebrate,Crustacean,Cladoceran,,Daphnia pulex,,2,Point,N,24,21,Y,2,,4.00E+01,3.87E+00,Original species length,,1,3.53E-01,Average species mass,16,2362,0.26,65.46,6.87E-05,3.92E-05,1.22E-04,1.35E-01,9.63E-02,1.98E-01,,,0.01,0.04,-128.04,0.01,0.05,610.47,-127.07,0.02,0.05,-126.79,461.33,-0.009754757,-0.007550103,,
2358,5,Cuthbert et al 2021 ECOL EVOL,Predator,3,,Aquatic,Fresh,Metazoan,Invertebrate,Crustacean,Copepod,Lovenula raynerae,Adult male,3,Metazoan,Invertebrate,Crustacean,Cladoceran,,Daphnia pulex,,2,Point,N,24,21,Y,2,,8.00E+01,3.87E+00,Original species length,,1,3.53E-01,Average species mass,16,2363,0.38,60.98,1.04E-04,5.37E-05,1.79E-04,1.21E-01,8.56E-02,1.60E-01,,,0,0.04,-100.24,0,0.05,373.59,-100.76,0,0.04,-101.08,206.19,0.008442433,0.005220717,,
2359,4,Cuthbert et al 2021 ECOL EVOL,Predator,3,,Aquatic,Fresh,Metazoan,Invertebrate,Crustacean,Copepod,Lovenula raynerae,Adult male,3,Metazoan,Invertebrate,Crustacean,Cladoceran,,Daphnia pulex,,2,Point,N,24,21,Y,3,,4.00E+01,3.87E+00,Original species length,,1,3.53E-01,Average species mass,16,2364,0.39,62.85,6.17E-05,3.51E-05,9.62E-05,1.08E-01,8.61E-02,1.40E-01,,,0,0.03,-113.06,0,0.05,442.86,-113.5,0,0.06,-113.74,418.22,0.00599838,0.00386818,,
2360,5,Cuthbert et al 2021 ECOL EVOL,Predator,3,,Aquatic,Fresh,Metazoan,Invertebrate,Crustacean,Copepod,Lovenula raynerae,Adult male,3,Metazoan,Invertebrate,Crustacean,Cladoceran,,Daphnia pulex,,2,Point,N,24,21,Y,3,,8.00E+01,3.87E+00,Original species length,,1,3.53E-01,Average species mass,16,2365,0.46,61.54,9.56E-05,3.23E-05,1.93E-04,8.84E-02,3.76E-02,1.39E-01,,,0,0.08,-111.39,0.01,0.1,461.56,-111.59,0.01,0.1,-112.1,352.53,0.006341747,0.001788975,,
2361,4,Cuthbert et al 2021 ECOL EVOL,Predator,3,,Aquatic,Fresh,Metazoan,Invertebrate,Crustacean,Copepod,Lovenula raynerae,Adult male,3,Metazoan,Invertebrate,Crustacean,Cladoceran,,Daphnia pulex,,2,Point,N,24,21,Y,4,,4.00E+01,3.87E+00,Original species length,,1,3.53E-01,Average species mass,16,2366,0.64,65.97,6.49E-05,4.47E-05,9.26E-05,6.63E-02,5.56E-02,7.71E-02,,,0,0.1,-74.17,0,0.12,555.77,-73.84,0,0.13,-73.95,529.3,-0.002935562,-0.00440817,,
2362,5,Cuthbert et al 2021 ECOL EVOL,Predator,3,,Aquatic,Fresh,Metazoan,Invertebrate,Crustacean,Copepod,Lovenula raynerae,Adult male,3,Metazoan,Invertebrate,Crustacean,Cladoceran,,Daphnia pulex,,2,Point,N,24,21,Y,4,,8.00E+01,3.87E+00,Original species length,,1,3.53E-01,Average species mass,16,2367,0.64,72.39,1.00E-04,5.82E-05,1.56E-04,5.68E-02,3.07E-02,8.25E-02,,,0,0.14,-57.74,0,0.16,520.92,-57.32,0,0.16,-57.63,297.52,-0.001962725,-0.007306416,,
3187,6,Dalal et al 2020 ECOL ENTO,Predator,3,,Aquatic,Fresh,Metazoan,Invertebrate,Crustacean,Amphipod,Gammarus pulex,,3,Metazoan,Invertebrate,Insect,Diptera,,Culex pipiens,1st instar larvae,2,Point,N,24,18,Y,1,,9.50E+02,5.20E+01,Original species mass,,10,2.00E-02,Original species mass,10,,0.82,41.25,1.22E-04,8.62E-05,1.42E-04,8.48E-10,2.21E-10,6.15E-09,,,0,0.05,-60.99,0,0.07,467.78,-61.27,0,0.08,-61.28,385,0.004700666,0.00446201,,
3191,6,Dalal et al 2020 ECOL ENTO,Predator,3,,Aquatic,Fresh,Metazoan,Invertebrate,Crustacean,Amphipod,Gammarus pulex,,3,Metazoan,Invertebrate,Insect,Diptera,,Culex pipiens,1st instar larvae,2,Point,N,24,18,Y,2,,9.50E+02,5.20E+01,Original species mass,,10,2.00E-02,Original species mass,10,,0.64,19.87,8.59E-05,4.22E-05,1.59E-04,6.89E-02,1.18E-08,1.58E-01,,,0,0.1,-80.17,0,0.12,518.99,-79.92,0,0.12,-80.25,451.04,0.000995876,-0.003185802,,
3195,6,Dalal et al 2020 ECOL ENTO,Predator,3,,Aquatic,Fresh,Metazoan,Invertebrate,Insect,Hemiptera,Notonecta glauca,,3,Metazoan,Invertebrate,Insect,Diptera,,Culex pipiens,1st instar larvae,2,Point,N,24,18,Y,1,,9.50E+02,1.53E+02,Original species mass,,2,2.00E-02,Original species mass,10,,0.86,103.02,6.38E-04,5.14E-04,8.57E-04,3.03E-09,1.34E-10,5.46E-03,,,0,0.02,-235.17,0,0.03,40115,-235.75,0,0.03,-235.8,44436.97,0.002678171,0.002476107,,
3199,6,Dalal et al 2020 ECOL ENTO,Predator,3,,Aquatic,Fresh,Metazoan,Invertebrate,Insect,Hemiptera,Notonecta glauca,,3,Metazoan,Invertebrate,Insect,Diptera,,Culex pipiens,1st instar larvae,2,Point,N,24,18,Y,2,,9.50E+02,1.53E+02,Original species mass,,2,2.00E-02,Original species mass,10,,0.86,73.24,3.86E-04,2.93E-04,4.36E-04,3.82E-10,2.45E-11,1.95E-08,,,0.01,0.07,-104.53,0.01,0.08,723.38,-103.87,0.02,0.09,-103.44,701.01,-0.010425299,-0.006303296,,
3188,7,Dalal et al 2020 ECOL ENTO,Predator,3,,Aquatic,Fresh,Metazoan,Invertebrate,Crustacean,Amphipod,Gammarus pulex,,3,Metazoan,Invertebrate,Insect,Diptera,,Culex pipiens,2nd instar larvae,2,Point,N,24,18,Y,1,,9.50E+02,5.20E+01,Original species mass,,10,1.20E-01,Original species mass,11,,0.71,56.41,1.17E-04,8.45E-05,1.54E-04,1.85E-09,3.38E-10,1.47E-08,,,0,0.13,-47.97,0,0.16,359.63,-48.87,0,0.16,-48.96,220.89,0.020593374,0.018853253,,
3192,7,Dalal et al 2020 ECOL ENTO,Predator,3,,Aquatic,Fresh,Metazoan,Invertebrate,Crustacean,Amphipod,Gammarus pulex,,3,Metazoan,Invertebrate,Insect,Diptera,,Culex pipiens,2nd instar larvae,2,Point,N,24,18,Y,2,,9.50E+02,5.20E+01,Original species mass,,10,1.20E-01,Original species mass,11,,0.79,-61.14,1.80E-05,1.35E-05,4.49E-05,1.04E-01,1.05E-08,5.85E-01,,,0,0.12,-85.25,0,0.14,518.61,-85.19,0,0.15,-85.48,471.99,0.002654119,-0.000793485,,
3196,7,Dalal et al 2020 ECOL ENTO,Predator,3,,Aquatic,Fresh,Metazoan,Invertebrate,Insect,Hemiptera,Notonecta glauca,,3,Metazoan,Invertebrate,Insect,Diptera,,Culex pipiens,2nd instar larvae,2,Point,N,24,18,Y,1,,9.50E+02,1.53E+02,Original species mass,,2,1.20E-01,Original species mass,11,,0.98,57,1.13E-03,9.19E-04,1.28E-03,5.43E-03,1.08E-03,6.64E-03,,,0,0.01,-240.01,0,0.01,40876.62,-240.07,0,0.02,-240.11,45417.09,0.00041175,0.000240666,,
3200,7,Dalal et al 2020 ECOL ENTO,Predator,3,,Aquatic,Fresh,Metazoan,Invertebrate,Insect,Hemiptera,Notonecta glauca,,3,Metazoan,Invertebrate,Insect,Diptera,,Culex pipiens,2nd instar larvae,2,Point,N,24,18,Y,2,,9.50E+02,1.53E+02,Original species mass,,2,1.20E-01,Original species mass,11,,0.99,21.3,5.65E-04,4.91E-04,6.29E-04,7.18E-03,2.13E-03,9.02E-03,,,0,0.1,-80.53,0,0.11,585.8,-80.54,0.01,0.12,-81.22,465.42,0.008481779,0.000105248,,
3189,8,Dalal et al 2020 ECOL ENTO,Predator,3,,Aquatic,Fresh,Metazoan,Invertebrate,Crustacean,Amphipod,Gammarus pulex,,3,Metazoan,Invertebrate,Insect,Diptera,,Culex pipiens,3rd instar larvae,2,Point,N,24,18,Y,1,,9.50E+02,5.20E+01,Original species mass,,10,1.40E+00,Original species mass,12,,0.54,20.34,8.43E-05,4.17E-05,1.58E-04,1.28E-01,2.61E-08,2.50E-01,,,0,0.14,-28.66,0,0.18,355.44,-29.63,0,0.18,-29.79,191.79,0.039382555,0.033703317,,
3193,8,Dalal et al 2020 ECOL ENTO,Predator,3,,Aquatic,Fresh,Metazoan,Invertebrate,Crustacean,Amphipod,Gammarus pulex,,3,Metazoan,Invertebrate,Insect,Diptera,,Culex pipiens,3rd instar larvae,2,Point,N,24,18,Y,2,,9.50E+02,5.20E+01,Original species mass,,10,1.40E+00,Original species mass,12,,0.67,22.7,5.47E-05,2.84E-05,8.16E-05,6.84E-09,5.72E-10,4.01E-08,,,0,0.08,-78.46,0,0.09,377.15,-78.97,0,0.09,-79.33,205.65,0.011144429,0.006604743,,
3197,8,Dalal et al 2020 ECOL ENTO,Predator,3,,Aquatic,Fresh,Metazoan,Invertebrate,Insect,Hemiptera,Notonecta glauca,,3,Metazoan,Invertebrate,Insect,Diptera,,Culex pipiens,3rd instar larvae,2,Point,N,24,18,Y,1,,9.50E+02,1.53E+02,Original species mass,,2,1.40E+00,Original species mass,12,,0.96,83.16,9.00E-04,7.55E-04,1.20E-03,1.32E-03,1.30E-10,7.82E-03,,,0,0.03,-230.67,0,0.03,40711.1,-231.85,0,0.03,-231.14,44062.89,0.002038935,0.005094328,,
3201,8,Dalal et al 2020 ECOL ENTO,Predator,3,,Aquatic,Fresh,Metazoan,Invertebrate,Insect,Hemiptera,Notonecta glauca,,3,Metazoan,Invertebrate,Insect,Diptera,,Culex pipiens,3rd instar larvae,2,Point,N,24,18,Y,2,,9.50E+02,1.53E+02,Original species mass,,2,1.40E+00,Original species mass,12,,1,-46.95,4.91E-04,4.74E-04,5.21E-04,1.40E-03,4.16E-12,3.24E-03,,,0,0.02,-98.88,0,0.02,94782.99,-97.4,0,0.02,-94.4,54296.79,-0.045344746,-0.014979607,,
3190,9,Dalal et al 2020 ECOL ENTO,Predator,3,,Aquatic,Fresh,Metazoan,Invertebrate,Crustacean,Amphipod,Gammarus pulex,,3,Metazoan,Invertebrate,Insect,Diptera,,Culex pipiens,4th instar larvae,2,Point,N,24,18,Y,1,,9.50E+02,5.20E+01,Original species mass,,10,4.80E+00,Original species mass,13,,0.45,42.28,7.10E-05,3.59E-05,1.33E-04,1.36E-08,1.96E-09,3.44E-01,,,0,0.4,1.89,0,0.49,533.98,1.97,0,0.55,1.73,560.74,-0.081015179,0.04586436,,
3194,9,Dalal et al 2020 ECOL ENTO,Predator,3,,Aquatic,Fresh,Metazoan,Invertebrate,Crustacean,Amphipod,Gammarus pulex,,3,Metazoan,Invertebrate,Insect,Diptera,,Culex pipiens,4th instar larvae,2,Point,N,24,18,Y,2,,9.50E+02,5.20E+01,Original species mass,,10,4.80E+00,Original species mass,13,,0.55,0.95,5.91E-05,2.59E-05,1.25E-04,1.74E-01,1.27E-08,3.75E-01,,,0,0.11,-94.63,0,0.12,390.46,-95.11,0,0.12,-95.56,215.16,0.009768354,0.005000216,,
3198,9,Dalal et al 2020 ECOL ENTO,Predator,3,,Aquatic,Fresh,Metazoan,Invertebrate,Insect,Hemiptera,Notonecta glauca,,3,Metazoan,Invertebrate,Insect,Diptera,,Culex pipiens,4th instar larvae,2,Point,N,24,18,Y,1,,9.50E+02,1.53E+02,Original species mass,,2,4.80E+00,Original species mass,13,,0.77,100.58,1.14E-03,5.24E-04,1.70E-03,1.55E-02,7.40E-09,2.67E-02,,,0,0.02,-251,0,0.03,37549.53,-251.83,0,0.02,-251.68,39424.14,0.002701191,0.003312726,,
3202,9,Dalal et al 2020 ECOL ENTO,Predator,3,,Aquatic,Fresh,Metazoan,Invertebrate,Insect,Hemiptera,Notonecta glauca,,3,Metazoan,Invertebrate,Insect,Diptera,,Culex pipiens,4th instar larvae,2,Point,N,24,18,Y,2,,9.50E+02,1.53E+02,Original species mass,,2,4.80E+00,Original species mass,13,,0.91,57.93,6.64E-04,5.21E-04,8.01E-04,1.86E-02,7.74E-03,2.74E-02,,,0,0.03,-101.7,0,0.03,70971.09,-101.68,0,0.03,-100.74,35977.73,-0.009428746,-0.000215542,,
2235,10,Geden and Axtell 1988 ENV ENT,Predator,2,,Terrestrial,,Metazoan,Invertebrate,Insect,Coleoptera,Carcinops pumilio,,,Metazoan,Invertebrate,Insect,Diptera,,Musca domestica,,,Mean,N,24,27,Y,5,2.83E+01,,3.6,,"https://edis.ifas.ufl.edu/publication/IN1163#:~:text=Adult%20Carcinops%20pumilio%20are%20small,in)%20(Hinton%201945).",,0.138,,1,2240,0.88,25.16,5.10E-04,4.00E-04,6.29E-04,4.91E-02,3.03E-02,6.20E-02,,,0,0.07,-51.85,0,0.08,59141.08,-52.23,0,0.08,-51.65,24443.25,-0.003910423,0.007288287,,
2236,10,Geden and Axtell 1988 ENV ENT,Predator,2,,Terrestrial,,Metazoan,Invertebrate,Insect,Coleoptera,Carcinops pumilio,,,Metazoan,Invertebrate,Insect,Diptera,,Musca domestica,,,Mean,N,24,27,Y,20,2.83E+01,,3.6,,"https://edis.ifas.ufl.edu/publication/IN1163#:~:text=Adult%20Carcinops%20pumilio%20are%20small,in)%20(Hinton%201945).",,0.136,,1,2241,0.95,-98.44,1.89E-04,1.65E-04,2.12E-04,1.96E-01,1.58E-01,2.34E-01,,,0,0.59,-49.29,0,1.15,91103.31,-49.59,0,0.89,-49.24,48998.57,-0.0009204,0.006141528,,
2237,11,Geden and Axtell 1988 ENV ENT,Predator,2,,Terrestrial,,Metazoan,Invertebrate,Arachnid,Mite,Macrocheles muscaedomesticae,,,Metazoan,Invertebrate,Insect,Diptera,,Musca domestica,,,Mean,N,24,27,Y,5,2.83E+01,,0.235,,,,0.138,,1,2242,0.9,-60.68,6.52E-04,4.91E-04,8.08E-04,2.02E-01,1.38E-01,2.46E-01,,,0,0.05,-60.74,0,0.06,87235.18,-60.91,0,0.06,-61.02,47954.28,0.004658531,0.002951943,,
2238,11,Geden and Axtell 1988 ENV ENT,Predator,2,,Terrestrial,,Metazoan,Invertebrate,Arachnid,Mite,Macrocheles muscaedomesticae,,,Metazoan,Invertebrate,Insect,Diptera,,Musca domestica,,,Mean,N,24,27,Y,20,2.83E+01,,0.235,,,,0.138,,1,2243,0.8,-141.82,3.02E-04,2.37E-04,3.73E-04,1.39E+00,1.20E+00,1.59E+00,,,0,0.04,-80.79,0,0.05,158073.36,-79.31,0,0.05,-79.67,59987.99,-0.01388594,-0.018293781,,
1675,12,Griffen and Delaney 2007 Ecology,Predator,2,,Aquatic,Marine,Metazoan,Invertebrate,Crustacean,Decapod,Carcinus maenas,Adult,,Metazoan,Invertebrate,Mollusk,Bivalve,Blue mussel,Mytilus edulis,Adult,,Mean,N,,,Y,1,3.00E+03,,8.24E+04,Alternate species length,,1,2.39E+00,Average species mass,3,1680,0.54,138.8,2.45E-01,1.44E-01,4.43E-01,2.70E-02,5.12E-09,4.75E-02,40-60 mm CW,,0,0.02,-75.82,0,0.03,148326.32,-75.31,0,0.02,-75.78,40307.56,-0.000505462,-0.006748619,,
1676,12,Griffen and Delaney 2007 Ecology,Predator,2,,Aquatic,Marine,Metazoan,Invertebrate,Crustacean,Decapod,Carcinus maenas,Adult,,Metazoan,Invertebrate,Mollusk,Bivalve,Blue mussel,Mytilus edulis,Adult,,Mean,N,,,Y,2,3.00E+03,,8.24E+04,Alternate species length,,1,2.39E+00,Average species mass,3,1681,0.73,87.43,1.28E-01,9.95E-02,1.59E-01,2.96E-02,1.50E-02,4.15E-02,,,0,0.03,-76.18,0,0.03,182727.46,-75.46,0,0.03,-76.08,92394.17,-0.001224535,-0.009442192,,
1677,12,Griffen and Delaney 2007 Ecology,Predator,2,,Aquatic,Marine,Metazoan,Invertebrate,Crustacean,Decapod,Carcinus maenas,Adult,,Metazoan,Invertebrate,Mollusk,Bivalve,Blue mussel,Mytilus edulis,Adult,,Mean,N,,,Y,4,3.00E+03,,8.24E+04,Alternate species length,,1,2.39E+00,Average species mass,3,1682,0.55,71.21,6.54E-02,4.62E-02,1.03E-01,5.78E-02,9.01E-09,1.11E-01,,,0,0.02,-78.66,0,0.03,168165.43,-78.04,0,0.03,-78.68,95072.12,0.000223551,-0.007967487,,
1678,13,Griffen and Delaney 2007 Ecology,Predator,2,,Aquatic,Marine,Metazoan,Invertebrate,Crustacean,Decapod,Hemigrapsus sanguineus,Adult,,Metazoan,Invertebrate,Mollusk,Bivalve,Blue mussel,Mytilus edulis,Adult,,Mean,N,,,Y,1,3.00E+03,,1.65E+04,,"https://nas.er.usgs.gov/queries/factsheet.aspx?SpeciesID=183#:~:text=Size%3A%20Adults%20range%20from%2035,Kong%2C%20and%20the%20Japanese%20archipelago.",,2.39E+00,Average species mass,3,1683,0.39,105.75,5.88E-02,4.08E-02,1.09E-01,3.07E-02,4.73E-09,9.44E-02,25-33 mm CW,,0.01,0.02,-178.94,0.01,0.03,962.02,-177.28,0.01,0.03,-176.59,833.8,-0.013147352,-0.009281841,,
1679,13,Griffen and Delaney 2007 Ecology,Predator,2,,Aquatic,Marine,Metazoan,Invertebrate,Crustacean,Decapod,Hemigrapsus sanguineus,Adult,,Metazoan,Invertebrate,Mollusk,Bivalve,Blue mussel,Mytilus edulis,Adult,,Mean,N,,,Y,2,3.00E+03,,1.65E+04,,"https://nas.er.usgs.gov/queries/factsheet.aspx?SpeciesID=183#:~:text=Size%3A%20Adults%20range%20from%2035,Kong%2C%20and%20the%20Japanese%20archipelago.",,2.39E+00,Average species mass,3,1684,0.47,65.89,6.41E-02,4.32E-02,8.98E-02,8.88E-02,2.01E-02,1.35E-01,,,0.01,0.01,-194.02,0.01,0.02,890.53,-192.88,0.01,0.02,-192.03,865.24,-0.01026712,-0.005892385,,
1680,13,Griffen and Delaney 2007 Ecology,Predator,2,,Aquatic,Marine,Metazoan,Invertebrate,Crustacean,Decapod,Hemigrapsus sanguineus,Adult,,Metazoan,Invertebrate,Mollusk,Bivalve,Blue mussel,Mytilus edulis,Adult,,Mean,N,,,Y,4,3.00E+03,,1.65E+04,,"https://nas.er.usgs.gov/queries/factsheet.aspx?SpeciesID=183#:~:text=Size%3A%20Adults%20range%20from%2035,Kong%2C%20and%20the%20Japanese%20archipelago.",,2.39E+00,Average species mass,3,1685,0.65,27.89,2.41E-02,1.91E-02,3.48E-02,2.76E-03,5.17E-10,8.00E-02,,,0.01,0.01,-190.05,0.01,0.02,827.58,-189.62,0.01,0.02,-189.43,682.44,-0.00329218,-0.002270441,,
1694,14,Hassell 1971 J ANIMAL ECO,Parasitoid,2,,Terrestrial,,Metazoan,Invertebrate,Insect,Hymenoptera,Nemeritis canescens ,Adult female,3,Metazoan,Invertebrate,Insect,Lepidoptera,Almond moth,Ephestia cautella,3rd instar,2,Mean,N,,25,Y,1,5.04E+02,,,,https://en.wikipedia.org/wiki/Ichneumonoidea,,4.16E+00,Alternate genus mass,1,1699,0.83,159.29,1.13E-02,9.85E-03,1.25E-02,2.83E-10,1.11E-10,5.78E-10,,,0,0.03,-98.72,0,0.04,1260.07,-97.33,0,0.04,-98.09,631.46,-0.006399853,-0.014067067,,
1695,14,Hassell 1971 J ANIMAL ECO,Parasitoid,2,,Terrestrial,,Metazoan,Invertebrate,Insect,Hymenoptera,Nemeritis canescens ,Adult female,3,Metazoan,Invertebrate,Insect,Lepidoptera,Almond moth,Ephestia cautella,3rd instar,2,Mean,N,,25,Y,2,5.04E+02,,,,https://en.wikipedia.org/wiki/Ichneumonoidea,,4.16E+00,Alternate genus mass,1,1700,0.84,105.37,6.43E-03,5.84E-03,7.27E-03,5.06E-10,2.09E-10,9.24E-10,,,0,0.02,-62.31,0,0.02,454.11,-63.72,0,0.02,-63.5,171.78,0.01898842,0.022571593,,
1696,14,Hassell 1971 J ANIMAL ECO,Parasitoid,2,,Terrestrial,,Metazoan,Invertebrate,Insect,Hymenoptera,Nemeritis canescens ,Adult female,3,Metazoan,Invertebrate,Insect,Lepidoptera,Almond moth,Ephestia cautella,3rd instar,2,Mean,N,,25,Y,4,5.04E+02,,,,https://en.wikipedia.org/wiki/Ichneumonoidea,,4.16E+00,Alternate genus mass,1,1701,0.86,45.43,3.90E-03,3.46E-03,4.57E-03,1.42E-09,4.68E-10,3.92E-09,,,0.01,0.03,-166.14,0.01,0.04,3026.18,-162.12,0.01,0.04,-163.02,993.19,-0.018766027,-0.024175921,,
1697,14,Hassell 1971 J ANIMAL ECO,Parasitoid,2,,Terrestrial,,Metazoan,Invertebrate,Insect,Hymenoptera,Nemeritis canescens ,Adult female,3,Metazoan,Invertebrate,Insect,Lepidoptera,Almond moth,Ephestia cautella,3rd instar,2,Mean,N,,25,Y,8,5.04E+02,,,,https://en.wikipedia.org/wiki/Ichneumonoidea,,4.16E+00,Alternate genus mass,1,1702,0.88,-4.77,2.50E-03,2.32E-03,2.72E-03,1.93E-09,3.38E-10,5.74E-09,,,0.02,3.24,-58.75,0.01,14.05,541.36,-58.38,0.01,10.7,-58.62,321.43,-0.00218021,-0.006220464,,
1698,14,Hassell 1971 J ANIMAL ECO,Parasitoid,2,,Terrestrial,,Metazoan,Invertebrate,Insect,Hymenoptera,Nemeritis canescens ,Adult female,3,Metazoan,Invertebrate,Insect,Lepidoptera,Almond moth,Ephestia cautella,3rd instar,2,Mean,N,,25,Y,16,5.04E+02,,,,https://en.wikipedia.org/wiki/Ichneumonoidea,,4.16E+00,Alternate genus mass,1,1703,0.9,-72.5,1.37E-03,1.22E-03,1.52E-03,3.00E-09,3.25E-10,1.19E-08,,,0.04,1.25,-100.77,0.04,4.05,548.65,-100.9,0.04,4.44,-100.92,293.54,0.00142314,0.001274182,,
1699,14,Hassell 1971 J ANIMAL ECO,Parasitoid,2,,Terrestrial,,Metazoan,Invertebrate,Insect,Hymenoptera,Nemeritis canescens ,Adult female,3,Metazoan,Invertebrate,Insect,Lepidoptera,Almond moth,Ephestia cautella,3rd instar,2,Mean,N,,25,Y,32,5.04E+02,,,,https://en.wikipedia.org/wiki/Ichneumonoidea,,4.16E+00,Alternate genus mass,1,1704,0.89,-115.43,8.40E-04,7.60E-04,9.46E-04,7.70E-09,4.69E-10,2.34E-08,,,0.01,0.52,-121.31,0.02,1.33,585.02,-122.09,0.03,0.3,-117.29,744.44,-0.033118336,0.006447613,,
2229,15,Helgen 1987 HYDROBIOL,Predator,3,,Aquatic,Fresh,Metazoan,Invertebrate,Crustacean,Cladoceran,Daphnia pulex,,2,Unicell,Algae,Cryptophyte,Cryptophyte,,Chlamydomonas reinhardi,,1,Point,N,,15,Y,30,,1.50E+03,9.75E-01,Original species length,,1,1.32E-07,Average species mass,3,2234,0.78,687.95,9.35E-05,5.89E-05,1.35E-04,1.40E-07,3.01E-14,2.62E-07,,,0.01,0.47,-109.42,0.02,1.08,520.19,-110.55,0.03,1.19,-110.78,355.32,0.012434719,0.010332536,,
2230,15,Helgen 1987 HYDROBIOL,Predator,3,,Aquatic,Fresh,Metazoan,Invertebrate,Crustacean,Cladoceran,Daphnia pulex,,2,Unicell,Algae,Cryptophyte,Cryptophyte,,Chlamydomonas reinhardi,,1,Point,N,,15,Y,30,,1.50E+03,9.75E-01,Original species length,,1,1.32E-07,Average species mass,3,2235,0.88,429.29,2.40E-05,1.99E-05,3.40E-05,1.50E-08,2.53E-14,2.89E-07,,,0.02,0.7,-136.82,0.02,4.05,547.13,-136.24,0.02,3.13,-135.92,445.94,-0.006588915,-0.004239831,,
2231,15,Helgen 1987 HYDROBIOL,Predator,3,,Aquatic,Fresh,Metazoan,Invertebrate,Crustacean,Cladoceran,Daphnia pulex,,2,Unicell,Algae,Cryptophyte,Cryptophyte,,Chlamydomonas reinhardi,,1,Point,N,,15,Y,240,,1.50E+03,9.75E-01,Original species length,,1,1.32E-07,Average species mass,3,2236,0.57,360.33,5.35E-05,3.63E-05,9.26E-05,8.85E-07,6.63E-07,1.20E-06,,,0.01,0.76,-63.16,0.02,1.33,592.01,-63.92,0.02,1.09,-63.4,425.37,0.003799316,0.011878216,,
2232,15,Helgen 1987 HYDROBIOL,Predator,3,,Aquatic,Fresh,Metazoan,Invertebrate,Crustacean,Cladoceran,Daphnia pulex,,2,Unicell,Algae,Cryptophyte,Cryptophyte,,Chlamydomonas reinhardi,,1,Point,N,,15,Y,240,,1.50E+03,9.75E-01,Original species length,,1,1.32E-07,Average species mass,3,2237,0.46,791.8,3.74E-05,2.25E-05,6.59E-05,8.70E-07,5.93E-07,1.14E-06,,,0,0.81,-40.98,0,0.88,717.36,-40.23,0.01,0.86,-37.88,581.68,-0.075579335,-0.018380616,,
2404,16,Hossie and Murray 2016 ECOL,Predator,3,,Aquatic,Fresh,Metazoan,Invertebrate,Insect,Odonata,Anax junius,,3,Metazoan,Vertebrate,Amphibian,Anura,,Lithobates clamitans,,2,Point,N,12,,Y,1,,1.29E+04,3.13E+03,Average species mass,,4,1.50E+01,Original species mass,1,2409,0.51,88.98,8.93E-02,4.11E-02,1.70E-01,7.44E-03,1.38E-03,1.19E-02,,,0,0.03,-27.65,0,0.04,8853.78,-28.09,0,0.04,-28.46,5724.19,0.029446605,0.015943007,,
2405,16,Hossie and Murray 2016 ECOL,Predator,3,,Aquatic,Fresh,Metazoan,Invertebrate,Insect,Odonata,Anax junius,,3,Metazoan,Vertebrate,Amphibian,Anura,,Lithobates clamitans,,2,Point,N,12,,Y,3,,1.29E+04,3.13E+03,Average species mass,,4,1.50E+01,Original species mass,1,2410,0.82,64.67,2.65E-02,1.80E-02,3.82E-02,7.81E-03,1.66E-10,1.44E-02,,,0,0.02,-33.59,0,0.02,9010.27,-34.39,0,0.02,-33.6,6340.53,2.51E-05,0.023805596,,
2406,16,Hossie and Murray 2016 ECOL,Predator,3,,Aquatic,Fresh,Metazoan,Invertebrate,Insect,Odonata,Anax junius,,3,Metazoan,Vertebrate,Amphibian,Anura,,Lithobates clamitans,,2,Point,N,12,,Y,6,,1.29E+04,3.13E+03,Average species mass,,4,1.50E+01,Original species mass,1,2411,0.86,60.89,1.18E-02,9.41E-03,1.45E-02,5.40E-10,4.21E-11,9.91E-03,,,0,0.01,-24.11,0,0.02,6930.35,-24.56,0,0.02,-25.02,3189.24,0.037774297,0.018567866,,
2407,17,Hossie and Murray 2016 ECOL,Predator,3,,Aquatic,Fresh,Metazoan,Invertebrate,Insect,Odonata,Anax junius,,3,Metazoan,Vertebrate,Amphibian,Anura,,Lithobates clamitans,,2,Point,N,12,,Y,1,,1.29E+04,3.13E+03,Average species mass,,4,1.50E+01,Original species mass,1,2412,0.76,77.4,8.60E-02,4.63E-02,1.42E-01,6.30E-03,3.78E-03,7.68E-03,,,0,0.01,-164.79,0.01,0.02,1382.35,-162.21,0.01,0.02,-160.99,989.9,-0.023065338,-0.015665936,,
2408,17,Hossie and Murray 2016 ECOL,Predator,3,,Aquatic,Fresh,Metazoan,Invertebrate,Insect,Odonata,Anax junius,,3,Metazoan,Vertebrate,Amphibian,Anura,,Lithobates clamitans,,2,Point,N,12,,Y,3,,1.29E+04,3.13E+03,Average species mass,,4,1.50E+01,Original species mass,1,2413,0.41,82.05,3.09E-02,1.68E-02,7.88E-02,1.18E-02,7.76E-11,3.75E-02,,,0,0.01,-178.62,0.01,0.02,1328.41,-176.48,0.01,0.02,-175.48,944.1,-0.017620478,-0.012033954,,
2409,17,Hossie and Murray 2016 ECOL,Predator,3,,Aquatic,Fresh,Metazoan,Invertebrate,Insect,Odonata,Anax junius,,3,Metazoan,Vertebrate,Amphibian,Anura,,Lithobates clamitans,,2,Point,N,12,,Y,6,,1.29E+04,3.13E+03,Average species mass,,4,1.50E+01,Original species mass,1,2414,0.81,53.89,1.12E-02,8.13E-03,1.60E-02,5.45E-03,2.01E-10,2.32E-02,,,0,0.01,-144.22,0.01,0.02,1093.19,-142.65,0.01,0.02,-141.93,741.79,-0.015913396,-0.010914016,,
2420,18,Hossie et al 2021 SCI REP,Predator,3,,Aquatic,Fresh,Metazoan,Invertebrate,Insect,Odonata,Anax sp,Nymph,3,Metazoan,Vertebrate,Amphibian,Anura,,Lithobates pipiens,,2,Point,N,12,,Y,1,,1.29E+04,1.50E+03,Average genus mass,,1,2.90E+01,Original species mass,1,2425,0.46,77.48,1.23E-01,6.00E-02,5.44E-01,5.50E-04,4.07E-12,1.08E-02,,,0.01,0.06,-273.86,0.01,0.08,1030.4,-271.24,0.01,0.08,-267.83,509.01,-0.022029989,-0.00957923,,
2421,18,Hossie et al 2021 SCI REP,Predator,3,,Aquatic,Fresh,Metazoan,Invertebrate,Insect,Odonata,Anax sp,Nymph,3,Metazoan,Vertebrate,Amphibian,Anura,,Lithobates pipiens,,2,Point,N,12,,Y,3,,1.29E+04,1.50E+03,Average genus mass,,1,2.90E+01,Original species mass,1,2426,0.92,65.12,2.43E-01,1.49E-01,5.36E-01,5.63E-04,2.73E-11,2.65E-03,,,0.01,0.04,-279.42,0.01,0.05,771.66,-278.36,0.01,0.05,-276.77,415.11,-0.009479994,-0.003789446,,
2422,18,Hossie et al 2021 SCI REP,Predator,3,,Aquatic,Fresh,Metazoan,Invertebrate,Insect,Odonata,Anax sp,Nymph,3,Metazoan,Vertebrate,Amphibian,Anura,,Lithobates pipiens,,2,Point,N,12,,Y,6,,1.29E+04,1.50E+03,Average genus mass,,1,2.90E+01,Original species mass,1,2427,0.97,58.95,3.24E-01,2.56E-01,4.06E-01,6.35E-04,1.13E-10,9.52E-04,,,0,0.04,-288.57,0.01,0.05,675.18,-288.5,0.01,0.06,-286.51,501.24,-0.007116711,-0.000230939,,
2423,19,Hossie et al 2021 SCI REP,Predator,3,,Aquatic,Fresh,Metazoan,Invertebrate,Insect,Odonata,Anax sp,Nymph,3,Metazoan,Vertebrate,Amphibian,Anura,,Anaxyrus americanus,,2,Point,N,12,,Y,1,,1.29E+04,1.50E+03,Average genus mass,,1,2.20E+01,Original species mass,1,2428,0.62,,1.23E-01,5.08E-02,4.80E-01,2.59E-03,1.58E-11,7.09E-03,,,0.01,0.14,-79.29,0.02,0.15,154.96,-78.94,0.04,0.16,-79.21,187.91,-0.000960737,-0.00432568,,
2424,19,Hossie et al 2021 SCI REP,Predator,3,,Aquatic,Fresh,Metazoan,Invertebrate,Insect,Odonata,Anax sp,Nymph,3,Metazoan,Vertebrate,Amphibian,Anura,,Anaxyrus americanus,,2,Point,N,12,,Y,3,,1.29E+04,1.50E+03,Average genus mass,,1,2.20E+01,Original species mass,1,2429,0.47,73.49,9.13E-01,4.30E-01,3.16E+00,2.77E-03,1.04E-03,4.87E-03,,,0.03,0.35,-89.98,0.14,1.04,139.2,-90.62,0.15,0.81,#VALUE!,218.12,,0.007074808,,
2425,19,Hossie et al 2021 SCI REP,Predator,3,,Aquatic,Fresh,Metazoan,Invertebrate,Insect,Odonata,Anax sp,Nymph,3,Metazoan,Vertebrate,Amphibian,Anura,,Anaxyrus americanus,,2,Point,N,12,,Y,6,,1.29E+04,1.50E+03,Average genus mass,,1,2.20E+01,Original species mass,1,2430,0.7,78.01,4.35E-01,2.96E-01,9.54E-01,8.43E-04,3.90E-12,1.90E-03,,,0.01,0.08,-79.8,0.01,0.08,153.25,-79.61,0.01,0.09,-79.32,185.47,-0.006027437,-0.002404887,,
3214,20,Hubbard et al 1988 MED VET ENTO,Predator,3,,Aquatic,Fresh,Metazoan,Invertebrate,Insect,Diptera,Toxorhynchites rutilus,3 day old larvae,3,Metazoan,Invertebrate,Insect,Diptera,,Aedes aegypti,Larvae,2,Mean,N,,24,Y,1,,1.00E+02,1.00E+01,Alternative species length,,8,2.10E+00,Alternative species ratio,6,,0.11,28.39,5.66E-05,9.67E-06,5.52E-04,2.23E-01,8.07E-09,5.08E-01,,,0.01,0.1,-87.32,0.02,0.12,153.28,-87.18,0.04,0.14,-86.28,268.07,-0.011902586,-0.001574709,,
3219,20,Hubbard et al 1988 MED VET ENTO,Predator,3,,Aquatic,Fresh,Metazoan,Invertebrate,Insect,Diptera,Toxorhynchites rutilus,3 day old larvae,3,Metazoan,Invertebrate,Insect,Diptera,,Aedes aegypti,Larvae,2,Mean,N,,24,Y,4,,1.00E+02,1.00E+01,Alternative species length,,8,2.10E+00,Alternative species ratio,6,,0.1,18.7,4.19E-05,3.85E-06,3.67E-04,3.98E-01,1.77E-08,7.76E-01,,,0.03,0.03,-278.69,0.07,0.03,1478.83,-274.86,0.05,0.03,-272.6,441.57,-0.02183361,-0.013752862,,
3224,20,Hubbard et al 1988 MED VET ENTO,Predator,3,,Aquatic,Fresh,Metazoan,Invertebrate,Insect,Diptera,Toxorhynchites rutilus,3 day old larvae,3,Metazoan,Invertebrate,Insect,Diptera,,Aedes aegypti,Larvae,2,Mean,N,,24,Y,2,,1.00E+02,1.00E+01,Alternative species length,,8,2.10E+00,Alternative species ratio,6,,0.13,-1.64,1.07E-05,1.13E-06,1.10E-04,7.99E-01,2.41E-08,1.99E+00,,,0.01,0.01,-199.99,0.02,0.01,574.08,-199.48,0.03,0.01,-197.4,524.86,-0.012964337,-0.002583932,,
3215,21,Hubbard et al 1988 MED VET ENTO,Predator,3,,Aquatic,Fresh,Metazoan,Invertebrate,Insect,Diptera,Toxorhynchites rutilus,6 day old larvae,3,Metazoan,Invertebrate,Insect,Diptera,,Aedes aegypti,Larvae,2,Mean,N,,24,Y,2,,1.00E+02,2.00E+01,Alternative species length,,9,4.20E+00,Alternative species ratio,6,,0.1,36.73,1.37E-04,2.45E-05,8.48E-04,1.77E-01,6.83E-09,3.48E-01,,,0.01,0.06,-78.01,0.01,0.08,151.51,-77.94,0.01,0.09,-77.87,164.65,-0.001727158,-0.000843121,,
3220,21,Hubbard et al 1988 MED VET ENTO,Predator,3,,Aquatic,Fresh,Metazoan,Invertebrate,Insect,Diptera,Toxorhynchites rutilus,6 day old larvae,3,Metazoan,Invertebrate,Insect,Diptera,,Aedes aegypti,Larvae,2,Mean,N,,24,Y,1,,1.00E+02,2.00E+01,Alternative species length,,9,4.20E+00,Alternative species ratio,6,,0.09,33.46,6.08E-05,4.51E-06,5.21E-04,2.65E-01,5.74E-09,6.10E-01,,,0.02,0.05,-254.26,0.04,0.06,1128.74,-253.78,0.03,0.06,-253.57,331.5,-0.002714304,-0.001865338,,
3225,21,Hubbard et al 1988 MED VET ENTO,Predator,3,,Aquatic,Fresh,Metazoan,Invertebrate,Insect,Diptera,Toxorhynchites rutilus,6 day old larvae,3,Metazoan,Invertebrate,Insect,Diptera,,Aedes aegypti,Larvae,2,Mean,N,,24,Y,4,,1.00E+02,2.00E+01,Alternative species length,,9,4.20E+00,Alternative species ratio,6,,0.17,13.71,1.67E-05,3.03E-06,1.25E-04,4.51E-01,1.61E-08,1.14E+00,,,0.06,0.01,-241.49,0.11,0.01,396.5,-242.27,0.08,0.01,-242.19,107.01,0.002915928,0.003232472,,
3216,22,Hubbard et al 1988 MED VET ENTO,Predator,3,,Aquatic,Fresh,Metazoan,Invertebrate,Insect,Diptera,Toxorhynchites rutilus,8 day old larvae,3,Metazoan,Invertebrate,Insect,Diptera,,Aedes aegypti,Larvae,2,Mean,N,,24,Y,4,,1.00E+02,3.60E+01,Alternative species length,,10,7.56E+00,Alternative species ratio,6,,0.2,66.72,1.36E-04,3.61E-05,1.13E-03,3.35E-02,7.79E-10,1.12E-01,,,0.02,0.25,-92.49,0.09,0.71,145.52,-93.45,0.17,0.56,#VALUE!,242.16,,0.010409743,,
3221,22,Hubbard et al 1988 MED VET ENTO,Predator,3,,Aquatic,Fresh,Metazoan,Invertebrate,Insect,Diptera,Toxorhynchites rutilus,8 day old larvae,3,Metazoan,Invertebrate,Insect,Diptera,,Aedes aegypti,Larvae,2,Mean,N,,24,Y,2,,1.00E+02,3.60E+01,Alternative species length,,10,7.56E+00,Alternative species ratio,6,,0.16,59.25,8.59E-05,1.58E-05,4.71E-04,1.08E-01,3.58E-09,2.54E-01,,,0.01,0.01,-305.4,0.01,0.01,1268.79,-304.06,0.02,0.02,-287.33,1849.54,-0.059179335,-0.004408657,,
3226,22,Hubbard et al 1988 MED VET ENTO,Predator,3,,Aquatic,Fresh,Metazoan,Invertebrate,Insect,Diptera,Toxorhynchites rutilus,8 day old larvae,3,Metazoan,Invertebrate,Insect,Diptera,,Aedes aegypti,Larvae,2,Mean,N,,24,Y,1,,1.00E+02,3.60E+01,Alternative species length,,10,7.56E+00,Alternative species ratio,6,,0.3,37.78,1.54E-05,5.19E-06,9.34E-05,1.11E-01,1.56E-09,5.06E-01,,,0,0.8,24.98,0,1.06,3552.69,25.95,0,1.39,30.12,5083.14,0.205903005,0.038610696,,
3217,23,Hubbard et al 1988 MED VET ENTO,Predator,3,,Aquatic,Fresh,Metazoan,Invertebrate,Insect,Diptera,Toxorhynchites rutilus,10 day old larvae,3,Metazoan,Invertebrate,Insect,Diptera,,Aedes aegypti,Larvae,2,Mean,N,,24,Y,1,,1.00E+02,5.10E+01,Alternative species length,,11,1.07E+01,Alternative species ratio,6,,0.17,62.2,1.58E-04,2.92E-05,1.84E-03,5.02E-02,1.29E-09,1.57E-01,,,0.01,0.01,-304.31,0.01,0.01,1108.4,-303.67,0.02,0.02,-295.69,1637.32,-0.028330207,-0.002092167,,
3222,23,Hubbard et al 1988 MED VET ENTO,Predator,3,,Aquatic,Fresh,Metazoan,Invertebrate,Insect,Diptera,Toxorhynchites rutilus,10 day old larvae,3,Metazoan,Invertebrate,Insect,Diptera,,Aedes aegypti,Larvae,2,Mean,N,,24,Y,4,,1.00E+02,5.10E+01,Alternative species length,,11,1.07E+01,Alternative species ratio,6,,0.14,53.91,7.44E-05,9.81E-06,6.86E-04,1.19E-01,2.91E-09,3.52E-01,,,0.01,0.01,-303.07,0.01,0.02,1317.67,-301.69,0.02,0.02,-291.48,1653.66,-0.038244535,-0.00455017,,
3227,23,Hubbard et al 1988 MED VET ENTO,Predator,3,,Aquatic,Fresh,Metazoan,Invertebrate,Insect,Diptera,Toxorhynchites rutilus,10 day old larvae,3,Metazoan,Invertebrate,Insect,Diptera,,Aedes aegypti,Larvae,2,Mean,N,,24,Y,2,,1.00E+02,5.10E+01,Alternative species length,,11,1.07E+01,Alternative species ratio,6,,0.29,39.94,1.74E-05,4.80E-06,7.64E-05,1.01E-01,4.34E-09,4.65E-01,,,0,3.01,59.51,0,2.56,3832.04,62.31,0,0.93,73.15,9152.03,0.22917891,0.0469859,,
3218,24,Hubbard et al 1988 MED VET ENTO,Predator,3,,Aquatic,Fresh,Metazoan,Invertebrate,Insect,Diptera,Toxorhynchites rutilus,12 day old larvae,3,Metazoan,Invertebrate,Insect,Diptera,,Aedes aegypti,Larvae,2,Mean,N,,24,Y,2,,1.00E+02,5.50E+01,Alternative species length,,12,1.16E+01,Alternative species ratio,6,,0.22,65.53,1.36E-04,3.33E-05,9.21E-04,3.17E-02,6.31E-10,1.37E-01,,,0.01,0.05,-276.53,0.03,0.06,1267.48,-275.1,0.03,0.07,-267.04,819.06,-0.034287633,-0.005151498,,
3223,24,Hubbard et al 1988 MED VET ENTO,Predator,3,,Aquatic,Fresh,Metazoan,Invertebrate,Insect,Diptera,Toxorhynchites rutilus,12 day old larvae,3,Metazoan,Invertebrate,Insect,Diptera,,Aedes aegypti,Larvae,2,Mean,N,,24,Y,1,,1.00E+02,5.50E+01,Alternative species length,,12,1.16E+01,Alternative species ratio,6,,0.16,60.05,6.63E-05,1.06E-05,2.27E-04,9.67E-02,1.70E-09,3.01E-01,,,0.02,0.01,-221.21,0.03,0.01,1235.95,-217.59,0.03,0.01,-214.03,709.41,-0.032455547,-0.016391411,,
3228,24,Hubbard et al 1988 MED VET ENTO,Predator,3,,Aquatic,Fresh,Metazoan,Invertebrate,Insect,Diptera,Toxorhynchites rutilus,12 day old larvae,3,Metazoan,Invertebrate,Insect,Diptera,,Aedes aegypti,Larvae,2,Mean,N,,24,Y,4,,1.00E+02,5.50E+01,Alternative species length,,12,1.16E+01,Alternative species ratio,6,,0.74,-3.23,2.09E-05,1.44E-05,2.76E-05,1.92E-01,1.31E-01,2.50E-01,,,0,0.15,-104.36,0,0.17,3578.31,-103.19,0,0.16,-101.98,2279.13,-0.022876611,-0.011241374,,
2363,25,Huffaker and Matsumoto 1982 RES POP ECOL,Parasitoid,2,,Terrestrial,,Metazoan,Invertebrate,Insect,Hymenoptera,Nemeritis canescens,,3,Metazoan,Invertebrate,Insect,Lepidoptera,,Anagasta kuhniella,,2,Mean,N,0,,Y,1,9560,4.73E+02,,,https://en.wikipedia.org/wiki/Ichneumonoidea,,2.63E+01,Alternate species mass,3,2368,0.13,53.21,6.35E+00,1.55E+00,3.10E+01,7.87E-02,6.41E-02,9.29E-02,,,0,4.11,-38.5,0,16.1,2810.82,-38.33,0,1.57,-32.69,3852.91,-0.151065073,-0.004373238,,4.73E+02   Previous 3D arena size
2364,25,Huffaker and Matsumoto 1982 RES POP ECOL,Parasitoid,2,,Terrestrial,,Metazoan,Invertebrate,Insect,Hymenoptera,Nemeritis canescens,,3,Metazoan,Invertebrate,Insect,Lepidoptera,,Anagasta kuhniella,,2,Mean,N,0,,Y,10,9560,4.73E+02,,,https://en.wikipedia.org/wiki/Ichneumonoidea,,2.63E+01,Alternate species mass,3,2369,0.69,-77.73,1.05E-02,5.37E-03,1.79E-02,1.31E+00,5.01E-01,1.90E+00,,,0,0.46,29.48,0,0.56,3189.94,29.72,0,1.07,29.57,5014.57,0.002760728,0.008007581,,4.73E+02
1530,26,Johansson and Leonardsson 1998 CAN J OF ZOOL,Predator,3,,Aquatic,Fresh,Metazoan,Vertebrate,Fish,Cyprinodontiformes,Gambusia affinis,,3,Metazoan,Invertebrate,Crustacean,Cladoceran,Water flea,Daphnia pulex,Adult?,2,Mean,N,,18,Y,1,,1.60E+04,1.39E+02,Original species length,,1,6.57E-02,Original speices length,11,1535,0.03,298.14,3.28E-01,7.46E-02,3.55E+00,2.45E-03,1.07E-03,3.51E-03,"In presence of the Green Sunfish, Lepomis cyanellus, with refuge space provided",,0,0.05,-144.55,0,0.06,2891.34,-144.88,0,0.12,-141.4,3959.76,-0.02178854,0.002240471,,
1531,26,Johansson and Leonardsson 1998 CAN J OF ZOOL,Predator,3,,Aquatic,Fresh,Metazoan,Vertebrate,Fish,Cyprinodontiformes,Gambusia affinis,,3,Metazoan,Invertebrate,Crustacean,Cladoceran,Water flea,Daphnia pulex,Adult?,2,Mean,N,,18,Y,6,,1.60E+04,1.39E+02,Original species length,,1,6.57E-02,Original speices length,11,1536,0.08,396.54,1.53E+00,6.99E-01,1.26E+01,1.69E-03,1.38E-03,2.07E-03,"In presence of the Green Sunfish, Lepomis cyanellus, with refuge space provided",,0,0.14,-143.13,0,0.16,4101.94,-141.1,0,0.19,-132.34,2892.27,-0.075389027,-0.014218445,,
1532,26,Johansson and Leonardsson 1998 CAN J OF ZOOL,Predator,3,,Aquatic,Fresh,Metazoan,Vertebrate,Fish,Cyprinodontiformes,Gambusia affinis,,3,Metazoan,Invertebrate,Crustacean,Cladoceran,Water flea,Daphnia pulex,Adult?,2,Mean,N,,18,Y,12,,1.60E+04,1.39E+02,Original species length,,1,6.57E-02,Original speices length,11,1537,0.36,370.22,2.90E-01,1.64E-01,5.79E-01,1.63E-03,1.22E-03,2.07E-03,"In presence of the Green Sunfish, Lepomis cyanellus, with refuge space provided",,0,0.11,-16.26,0,0.22,4279.57,-14.47,0,0.32,-8.08,5315.05,-0.502767515,-0.109853855,,
1533,26,Johansson and Leonardsson 1998 CAN J OF ZOOL,Predator,3,,Aquatic,Fresh,Metazoan,Vertebrate,Fish,Cyprinodontiformes,Gambusia affinis,,3,Metazoan,Invertebrate,Crustacean,Cladoceran,Water flea,Daphnia pulex,Adult?,2,Mean,N,,18,Y,18,,1.60E+04,1.39E+02,Original species length,,1,6.57E-02,Original speices length,11,1538,0.34,382.69,2.28E-01,1.06E-01,4.07E-01,1.53E-03,6.41E-04,2.12E-03,"In presence of the Green Sunfish, Lepomis cyanellus, with refuge space provided",,0,0.43,32.55,0,0.57,3227.31,32.44,0,0.78,32.19,4911.27,-0.010928288,-0.003169198,,
1538,27,Johnson 2006 ECOLOGY,Predator,3,,Aquatic,Marine,Metazoan,Vertebrate,Fish,Scorpaeniformes,Sebastes paucispinus,"Young of the year, wild caught",,Metazoan,Vertebrate,Fish,Sebastidae,"Kelp, Gopher, Black-and-Yellow Rockfish","Sebastes atrovirens, S. carnatus, S. chrysomelas","Juvenile, wild caught",,Point,N,96,,Y,1,,9.00E+06,2.78E+04,Original species length,,1,1.54E+02,Original speices length,1,1543,0.18,-25.55,9.91E-01,1.72E-01,5.54E+00,7.97E-01,7.85E-03,1.36E+00,,,0,0.28,-95.91,0,0.31,4158.08,-93.09,0,0.32,-85.54,1357.43,-0.108128332,-0.029332659,,
1539,27,Johnson 2006 ECOLOGY,Predator,3,,Aquatic,Marine,Metazoan,Vertebrate,Fish,Scorpaeniformes,Sebastes paucispinus,"Young of the year, wild caught",,Metazoan,Vertebrate,Fish,Sebastidae,"Kelp, Gopher, Black-and-Yellow Rockfish","Sebastes atrovirens, S. carnatus, S. chrysomelas","Juvenile, wild caught",,Point,N,96,,Y,3,,9.00E+06,2.78E+04,Original species length,,1,1.54E+02,Original speices length,1,1544,0.44,-36.16,1.39E-01,1.04E-01,5.09E-01,7.65E-09,2.13E-12,1.24E+00,,,0,2.46,-18.22,0,2.13,3870.16,-14.72,0,1.06,-14.16,2009.43,-0.22300064,-0.192197358,,
1540,27,Johnson 2006 ECOLOGY,Predator,3,,Aquatic,Marine,Metazoan,Vertebrate,Fish,Scorpaeniformes,Sebastes paucispinus,"Young of the year, wild caught",,Metazoan,Vertebrate,Fish,Sebastidae,"Kelp, Gopher, Black-and-Yellow Rockfish","Sebastes atrovirens, S. carnatus, S. chrysomelas","Juvenile, wild caught",,Point,N,96,,Y,5,,9.00E+06,2.78E+04,Original species length,,1,1.54E+02,Original speices length,1,1545,0.68,-27.57,1.90E-01,1.44E-01,2.38E-01,4.58E-11,3.91E-14,1.53E-07,,,0,0.07,-33.18,0,0.07,5373.49,-28.95,0,0.21,-12.87,11332.18,-0.612189818,-0.127431849,,
1703,28,Mills 2004 ECO ENTOMOL,Parasitoid,2.5,,Terrestrial,,Metazoan,Invertebrate,Insect,Hymenoptera,Trichogramma minutum,Adult female,3,Metazoan,Invertebrate,Insect,Lepidoptera,Mediterranean flour moth,Ephestia kuehniella,Egg,2,Point,N,,25,Y,1,6.94E+01,1.94E+02,1.26E+02,Alternate genus mass,,1,1.16E-03,Alternate species length,2,1708,0.79,242.21,5.88E-04,4.98E-04,6.77E-04,1.16E-02,8.21E-03,1.46E-02,,,0,0.06,-177.83,0,0.08,4078.99,-176.28,0,0.09,-160.57,4133.26,-0.097026738,-0.008724267,,
1704,28,Mills 2004 ECO ENTOMOL,Parasitoid,2.5,,Terrestrial,,Metazoan,Invertebrate,Insect,Hymenoptera,Trichogramma minutum,Adult female,3,Metazoan,Invertebrate,Insect,Lepidoptera,Mediterranean flour moth,Ephestia kuehniella,Egg,2,Point,N,,25,Y,3,6.94E+01,1.94E+02,1.26E+02,Alternate genus mass,,1,1.16E-03,Alternate species length,2,1709,0.62,139.19,4.31E-04,3.26E-04,6.08E-04,8.76E-03,1.38E-09,1.90E-02,,,0,0.07,-161.33,0,0.09,3672.36,-160.11,0,0.1,-155.85,3508.94,-0.033929463,-0.007507298,,
2438,29,Mistri 2003 EST COAST SHELF SCI,Predator,2,,Aquatic,Marine,Metazoan,Invertebrate,Crustacean,Decapod,Carcinus aestuarii,,,Metazoan,Invertebrate,Mollusk,Bivalve,,Musculista senhousia,,,Mean,N,48,,Y,1,6.08E+03,,6.42E+04,Original species length,,1,1.10E+03,Original length,2,2443,0.6,50.01,8.39E-01,3.95E-01,2.04E+00,2.47E-02,1.67E-02,3.26E-02,,,0.01,0.06,-117.26,0.01,0.08,321.6,-115.5,0.02,0.09,-112.71,277.41,-0.038860164,-0.014999402,,
2439,29,Mistri 2003 EST COAST SHELF SCI,Predator,2,,Aquatic,Marine,Metazoan,Invertebrate,Crustacean,Decapod,Carcinus aestuarii,,,Metazoan,Invertebrate,Mollusk,Bivalve,,Musculista senhousia,,,Mean,N,48,,Y,2,6.08E+03,,6.42E+04,Original species length,,1,1.10E+03,Original length,2,2444,0.94,25.12,4.55E-01,3.53E-01,5.86E-01,2.37E-02,2.00E-02,2.80E-02,,,0.01,0,-81.59,0.01,0,1420.77,-78.98,0.01,0,-76.75,1564.68,-0.059394901,-0.031990257,,
2440,29,Mistri 2003 EST COAST SHELF SCI,Predator,2,,Aquatic,Marine,Metazoan,Invertebrate,Crustacean,Decapod,Carcinus aestuarii,,,Metazoan,Invertebrate,Mollusk,Bivalve,,Musculista senhousia,,,Mean,N,48,,Y,4,6.08E+03,,6.42E+04,Original species length,,1,1.10E+03,Original length,2,2445,0.78,36.67,1.87E-01,1.14E-01,3.96E-01,2.79E-02,9.98E-03,4.87E-02,,,0.01,0,-92.82,0.01,0.01,1161.96,-91.72,0.03,0.01,-87.43,1647.73,-0.057997766,-0.01185862,,
598,30,Moksnes et al 1997 J EXP MAR BIOL & ECOL,Predator,2,,Aquatic,Marine,Metazoan,Invertebrate,Crustacean,Decapod,Callinectes sapidus,3rd instar,,Metazoan,Invertebrate,Crustacean,Decapod,Blue crab,Callinectes sapidus,Megalopae,,Mean,N,20,26,Y,8,3.85E+03,,1.04E+01,Original length,,3,1.03,,,603,0.85,-28.63,5.75E-02,4.22E-02,7.69E-02,2.71E-01,1.57E-01,3.43E-01,On eelgrass pred length is carapace width,,0.01,0,-97.26,0.01,0,1461.81,-94.36,0.02,0,-89.25,2297.17,-0.082364547,-0.029802041,,
599,30,Moksnes et al 1997 J EXP MAR BIOL & ECOL,Predator,2,,Aquatic,Marine,Metazoan,Invertebrate,Crustacean,Decapod,Callinectes sapidus,3rd instar,,Metazoan,Invertebrate,Crustacean,Decapod,Blue crab,Callinectes sapidus,Megalopae,,Mean,N,20,26,Y,16,3.85E+03,,1.04E+01,Original length,,3,1.03,,,604,0.95,-53.4,2.54E-02,1.95E-02,3.47E-02,1.49E-01,3.61E-04,3.00E-01,"On sand, pred length is carapace width",,0.01,0,-95.94,0.01,0.01,1046.59,-95.69,0.06,0.02,-91.73,1796.68,-0.043917228,-0.002576854,,
3055,31,Mpanza et al 2024 BIOL INV,Predator,3,,Aquatic,Fresh,Metazoan,Vertebrate,Fish,Perciformes,Oreochromis niloticus,,3,Metazoan,Invertebrate,Insect,Diptera,,Chironomidae,,2,Point,N,24,25,Y,1,,9.00E+03,1.12E+04,Original species length,,2,3.50E+00,Average family mass,5,,0.81,514.93,5.39E-02,3.99E-02,7.67E-02,8.05E-04,1.61E-10,1.76E-03,,,0.01,0,-69.5,0.01,0,768.73,-70.6,0.01,0,-69.63,559.12,0.001921654,0.015883817,,
3057,31,Mpanza et al 2024 BIOL INV,Predator,3,,Aquatic,Fresh,Metazoan,Vertebrate,Fish,Perciformes,Oreochromis niloticus,,3,Metazoan,Invertebrate,Insect,Diptera,,Chironomidae,,2,Point,N,24,25,Y,2,,9.00E+03,1.12E+04,Original species length,,2,3.50E+00,Average family mass,5,,0.9,311.26,3.63E-02,3.15E-02,4.73E-02,2.10E-04,2.51E-11,1.88E-03,,,0.38,0,-235,0.52,0,70.67,-234.38,0.76,0,-231.54,90.61,-0.014713976,-0.002651366,,
3056,32,Mpanza et al 2024 BIOL INV,Predator,3,,Aquatic,Fresh,Metazoan,Vertebrate,Fish,Perciformes,Oreochromis mossambicus,,3,Metazoan,Invertebrate,Insect,Diptera,,Chironomidae,,2,Point,N,24,25,Y,1,,9.00E+03,2.09E+04,Original species length,,6,3.50E+00,Average family mass,5,,0.83,434.56,2.57E-02,2.20E-02,3.73E-02,2.37E-04,5.31E-11,2.60E-03,,,0.24,0.01,-311.48,0.31,0.01,62.86,-311.18,0.64,0.01,-307.75,133.34,-0.011990101,-0.00099118,,
3058,32,Mpanza et al 2024 BIOL INV,Predator,3,,Aquatic,Fresh,Metazoan,Vertebrate,Fish,Perciformes,Oreochromis mossambicus,,3,Metazoan,Invertebrate,Insect,Diptera,,Chironomidae,,2,Point,N,24,25,Y,2,,9.00E+03,2.09E+04,Original species length,,6,3.50E+00,Average family mass,5,,0.88,294.27,2.61E-02,2.35E-02,3.49E-02,1.12E-09,2.67E-11,1.63E-03,,,0.22,0.13,-260,0.4,0.95,38.02,-259.84,0.57,0.09,-240.12,60.66,-0.076481637,-0.000640463,,
2168,33,Papanikolaou et al 2020 ECOL EVOL,Predator,2,,Terrestrial,,Metazoan,Invertebrate,Insect,Hemiptera,Macrolophus pygmaeus,1st instar nymph,3,Metazoan,Invertebrate,Insect,Lepidoptera,,Ephestia kuehniella,egg,2,Point,Y,24,25,Y,1,2.54E+02,,1.81E-02,Alternate species length,"http://www.agri.huji.ac.il/mepests/enemy/Macrolophus_pygmaeus/#:~:text=Taxonomic%20position%3A%20Insecta%2C%20Hemimetabola%2C,also%20yellowish%2Dgreen%20to%20green.",3,1.16E-03,Alternate species length,2,2173,0.38,48.22,3.10E-02,1.37E-02,6.62E-02,7.88E-02,7.77E-09,1.69E-01,,,0.01,0.29,-103.03,0.02,1.97,1481.84,-100.32,0.01,2.18,-98.47,2373.2,-0.044288828,-0.026373978,,
2169,33,Papanikolaou et al 2020 ECOL EVOL,Predator,2,,Terrestrial,,Metazoan,Invertebrate,Insect,Hemiptera,Macrolophus pygmaeus,1st instar nymph,3,Metazoan,Invertebrate,Insect,Lepidoptera,,Ephestia kuehniella,egg,2,Point,Y,24,25,Y,2,2.54E+02,,1.81E-02,Alternate species length,"http://www.agri.huji.ac.il/mepests/enemy/Macrolophus_pygmaeus/#:~:text=Taxonomic%20position%3A%20Insecta%2C%20Hemimetabola%2C,also%20yellowish%2Dgreen%20to%20green.",3,1.16E-03,Alternate species length,2,2174,0.39,52.16,3.79E-02,2.10E-02,6.24E-02,9.87E-02,6.71E-02,1.41E-01,,,0.01,0.28,-102.14,0.02,1.59,1578.46,-101.38,0.03,1.55,-97.27,2367.82,-0.04767501,-0.007406558,,
2170,33,Papanikolaou et al 2020 ECOL EVOL,Predator,2,,Terrestrial,,Metazoan,Invertebrate,Insect,Hemiptera,Macrolophus pygmaeus,1st instar nymph,3,Metazoan,Invertebrate,Insect,Lepidoptera,,Ephestia kuehniella,egg,2,Point,Y,24,25,Y,3,2.54E+02,,1.81E-02,Alternate species length,"http://www.agri.huji.ac.il/mepests/enemy/Macrolophus_pygmaeus/#:~:text=Taxonomic%20position%3A%20Insecta%2C%20Hemimetabola%2C,also%20yellowish%2Dgreen%20to%20green.",3,1.16E-03,Alternate species length,2,2175,0.64,36.71,2.02E-02,1.27E-02,3.25E-02,8.50E-02,5.81E-02,1.07E-01,,,0,0.03,-203.71,0,0.04,1750.95,-203.82,0,0.04,-203.72,1214.41,2.51E-05,0.000535692,,
2171,33,Papanikolaou et al 2020 ECOL EVOL,Predator,2,,Terrestrial,,Metazoan,Invertebrate,Insect,Hemiptera,Macrolophus pygmaeus,1st instar nymph,3,Metazoan,Invertebrate,Insect,Lepidoptera,,Ephestia kuehniella,egg,2,Point,Y,24,25,Y,4,2.54E+02,,1.81E-02,Alternate species length,"http://www.agri.huji.ac.il/mepests/enemy/Macrolophus_pygmaeus/#:~:text=Taxonomic%20position%3A%20Insecta%2C%20Hemimetabola%2C,also%20yellowish%2Dgreen%20to%20green.",3,1.16E-03,Alternate species length,2,2176,0.58,47.62,1.73E-02,1.11E-02,2.43E-02,8.47E-02,6.01E-02,1.11E-01,,,0,0.05,-35.36,0,0.05,339025.08,-35.41,0,0.05,-35.2,174621.43,-0.004543243,0.001278725,,
2172,34,Papanikolaou et al 2020 ECOL EVOL,Predator,2,,Terrestrial,,Metazoan,Invertebrate,Insect,Hemiptera,Macrolophus pygmaeus,5th instar nymph,3,Metazoan,Invertebrate,Insect,Lepidoptera,,Ephestia kuehniella,egg,2,Point,Y,24,25,Y,1,2.54E+02,,2.09E+00,Alternate species length,"http://www.agri.huji.ac.il/mepests/enemy/Macrolophus_pygmaeus/#:~:text=Taxonomic%20position%3A%20Insecta%2C%20Hemimetabola%2C,also%20yellowish%2Dgreen%20to%20green.",4,1.16E-03,Alternate species length,2,2177,0.52,154.01,3.96E-02,2.79E-02,7.99E-02,4.82E-03,7.64E-10,2.73E-02,,,0,0.03,-58.07,0,0.03,11922.78,-58.21,0,0.03,-58.49,3383.76,0.007380016,0.002463399,,
2173,34,Papanikolaou et al 2020 ECOL EVOL,Predator,2,,Terrestrial,,Metazoan,Invertebrate,Insect,Hemiptera,Macrolophus pygmaeus,5th instar nymph,3,Metazoan,Invertebrate,Insect,Lepidoptera,,Ephestia kuehniella,egg,2,Point,Y,24,25,Y,2,2.54E+02,,2.09E+00,Alternate species length,"http://www.agri.huji.ac.il/mepests/enemy/Macrolophus_pygmaeus/#:~:text=Taxonomic%20position%3A%20Insecta%2C%20Hemimetabola%2C,also%20yellowish%2Dgreen%20to%20green.",4,1.16E-03,Alternate species length,2,2178,0.78,124.27,2.99E-02,2.17E-02,4.15E-02,1.41E-02,7.15E-03,2.16E-02,,,0,0.09,-54.36,0,0.09,20614.88,-54.62,0,0.1,-54.41,3513.32,0.000846426,0.004800232,,
2174,34,Papanikolaou et al 2020 ECOL EVOL,Predator,2,,Terrestrial,,Metazoan,Invertebrate,Insect,Hemiptera,Macrolophus pygmaeus,5th instar nymph,3,Metazoan,Invertebrate,Insect,Lepidoptera,,Ephestia kuehniella,egg,2,Point,Y,24,25,Y,3,2.54E+02,,2.09E+00,Alternate species length,"http://www.agri.huji.ac.il/mepests/enemy/Macrolophus_pygmaeus/#:~:text=Taxonomic%20position%3A%20Insecta%2C%20Hemimetabola%2C,also%20yellowish%2Dgreen%20to%20green.",4,1.16E-03,Alternate species length,2,2179,0.81,96.67,2.82E-02,2.13E-02,3.98E-02,2.04E-02,1.59E-02,2.70E-02,,,0,0.2,-16.01,0,0.24,10931.44,-16.17,0,0.25,-15.89,8956.07,-0.00747028,0.010043525,,
2175,34,Papanikolaou et al 2020 ECOL EVOL,Predator,2,,Terrestrial,,Metazoan,Invertebrate,Insect,Hemiptera,Macrolophus pygmaeus,5th instar nymph,3,Metazoan,Invertebrate,Insect,Lepidoptera,,Ephestia kuehniella,egg,2,Point,Y,24,25,Y,4,2.54E+02,,2.09E+00,Alternate species length,"http://www.agri.huji.ac.il/mepests/enemy/Macrolophus_pygmaeus/#:~:text=Taxonomic%20position%3A%20Insecta%2C%20Hemimetabola%2C,also%20yellowish%2Dgreen%20to%20green.",4,1.16E-03,Alternate species length,2,2180,0.87,109.36,1.76E-02,1.30E-02,2.31E-02,1.67E-02,1.19E-02,2.08E-02,,,0,0.23,-20.77,0,0.25,9006.93,-21.68,0,0.23,-22.05,3023.68,0.061550872,0.043636214,,
2659,35,Papanikolaou et al 2022 ECOL ENTOM,Predator,2,,Terrestrial,,Metazoan,Invertebrate,Insect,Mite,Neoseiulus californicus,Adult female,3,Metazoan,Invertebrate,Insect,Mite,,Tetranychus urticae,Eggs,2,Point,N,2,25,Y,1,7.07E+00,,6.13E-02,Alternate order mass,,1,2.11E-03,Alternate species length,2,2664,0.69,89.44,6.31E-04,3.81E-04,1.01E-03,5.53E-02,2.53E-02,7.83E-02,,,0,0.11,-30.04,0,0.13,10878.17,-29.87,0,0.15,-30,11239.98,-0.00123242,-0.005599392,,
2660,35,Papanikolaou et al 2022 ECOL ENTOM,Predator,2,,Terrestrial,,Metazoan,Invertebrate,Insect,Mite,Neoseiulus californicus,Adult female,3,Metazoan,Invertebrate,Insect,Mite,,Tetranychus urticae,Eggs,2,Point,N,2,25,Y,2,7.07E+00,,6.13E-02,Alternate order mass,,1,2.11E-03,Alternate species length,2,2665,0.62,148.56,6.40E-04,4.20E-04,1.04E-03,1.48E-02,2.26E-06,2.94E-02,,,0,0.56,-54.46,0,0.58,9958.26,-55.08,0,0.58,-55.23,2839.61,0.014117347,0.011371255,,
2661,35,Papanikolaou et al 2022 ECOL ENTOM,Predator,2,,Terrestrial,,Metazoan,Invertebrate,Insect,Mite,Neoseiulus californicus,Adult female,3,Metazoan,Invertebrate,Insect,Mite,,Tetranychus urticae,Eggs,2,Point,N,2,25,Y,3,7.07E+00,,6.13E-02,Alternate order mass,,1,2.11E-03,Alternate species length,2,2666,0.9,169.27,9.97E-04,7.95E-04,1.16E-03,1.81E-02,1.43E-02,2.04E-02,,,0,0.26,-52.04,0,0.29,10829.46,-52.03,0,0.27,-52.71,5122.6,0.012852008,-0.000117964,,
2662,35,Papanikolaou et al 2022 ECOL ENTOM,Predator,2,,Terrestrial,,Metazoan,Invertebrate,Insect,Mite,Neoseiulus californicus,Adult female,3,Metazoan,Invertebrate,Insect,Mite,,Tetranychus urticae,Eggs,2,Point,N,2,25,Y,4,7.07E+00,,6.13E-02,Alternate order mass,,1,2.11E-03,Alternate species length,2,2667,0.86,197.64,1.03E-03,8.81E-04,1.19E-03,1.16E-02,9.23E-03,1.42E-02,,,0,0.34,-19.42,0,0.4,11000.36,-19.61,0,0.37,-20.28,5754.42,0.044488159,0.010000724,,
880,36,Prokopenko 2017 CAN J ZOOL,Predator,3,,Aquatic,Fresh,Metazoan,Invertebrate,Crustacean,Ostracoda,Heterocypris incongruens,,3,Metazoan,Invertebrate,Rotifer,Brachionidae,Rotifer,Brachionus calyciflorus,,2,Point,N,24,20,Y,1,,2.75E+00,3.76E-02,Alternate species length,,1,2.00E-04,Alternate species mass,1,885,0.23,1550.85,1.69E-04,9.87E-05,3.09E-04,3.28E-04,2.33E-10,5.99E-04,,,0,1.46,-28.05,0,2.42,9398.12,-28.23,0,2.72,-28.21,3372.92,0.005924602,0.006483359,,
881,36,Prokopenko 2017 CAN J ZOOL,Predator,3,,Aquatic,Fresh,Metazoan,Invertebrate,Crustacean,Ostracoda,Heterocypris incongruens,,3,Metazoan,Invertebrate,Rotifer,Brachionidae,Rotifer,Brachionus calyciflorus,,2,Point,N,24,20,Y,2,,2.75E+00,3.76E-02,Alternate species length,,1,2.00E-04,Alternate species mass,1,886,0.2,1761.3,9.96E-05,7.07E-05,2.00E-04,1.72E-04,3.16E-11,8.62E-04,,,0,0.45,-40.85,0,0.76,11020.1,-41.73,0,0.62,-40.18,7571.18,-0.016426734,0.021742476,,
882,36,Prokopenko 2017 CAN J ZOOL,Predator,3,,Aquatic,Fresh,Metazoan,Invertebrate,Crustacean,Ostracoda,Heterocypris incongruens,,3,Metazoan,Invertebrate,Rotifer,Brachionidae,Rotifer,Brachionus calyciflorus,,2,Point,N,24,20,Y,3,,2.75E+00,3.76E-02,Alternate species length,,1,2.00E-04,Alternate species mass,1,887,0.3,1633.03,6.48E-05,5.44E-05,8.77E-05,4.34E-10,3.14E-11,5.01E-04,,,0,0.22,-49.86,0,0.28,9660.77,-50.69,0,0.29,-50.64,10042.64,0.015755005,0.016759092,,
883,36,Prokopenko 2017 CAN J ZOOL,Predator,3,,Aquatic,Fresh,Metazoan,Invertebrate,Crustacean,Ostracoda,Heterocypris incongruens,,3,Metazoan,Invertebrate,Rotifer,Brachionidae,Rotifer,Brachionus calyciflorus,,2,Point,N,24,20,Y,4,,2.75E+00,3.76E-02,Alternate species length,,1,2.00E-04,Alternate species mass,1,888,0.2,1458.98,5.27E-05,4.27E-05,2.21E-04,3.25E-10,2.07E-11,1.79E-03,,,0,0.43,-44.04,0,0.46,11959.32,-43.84,0,0.45,-44.32,5360.98,0.006332596,-0.004377878,,
1601,37,Schmidt et al. 2014 OCEOL,Predator,2,,Terrestrial,,Metazoan,Invertebrate,Arachnid,Spider,Pardosa milvina,Adult female,,Metazoan,Invertebrate,Insect,Orthoptera,House cricket,Acheta domesticus,Adult?,,Point,N,168,,Y,1,7.09E+01,,2.50E+02,Alternate species mass,,1,4.30E+01,Average species mass,4,1606,0.06,73.85,3.01E-02,9.95E-03,5.78E-01,3.04E-02,2.28E-02,3.65E-02,,,0,0.25,-56.35,0,0.28,12105.04,-55.66,0,0.28,-56.1,6957.34,-0.004406576,-0.01215466,,
1602,37,Schmidt et al. 2014 OCEOL,Predator,2,,Terrestrial,,Metazoan,Invertebrate,Arachnid,Spider,Pardosa milvina,Adult female,,Metazoan,Invertebrate,Insect,Orthoptera,House cricket,Acheta domesticus,Adult?,,Point,N,168,,Y,2,1.54E+02,,2.50E+02,Alternate species mass,,1,4.30E+01,Average species mass,4,1607,0.61,63.73,9.53E-03,6.13E-03,1.43E-02,2.01E-02,1.30E-02,2.69E-02,,,0,0.25,-25.53,0,0.29,11851.12,-25.38,0,0.28,-25.23,5715.77,-0.011944972,-0.005853428,,
1603,37,Schmidt et al. 2014 OCEOL,Predator,2,,Terrestrial,,Metazoan,Invertebrate,Arachnid,Spider,Pardosa milvina,Adult female,,Metazoan,Invertebrate,Insect,Orthoptera,House cricket,Acheta domesticus,Adult?,,Point,N,168,,Y,4,3.30E+02,,2.50E+02,Alternate species mass,,1,4.30E+01,Average species mass,4,1608,0.66,47.24,9.61E-03,7.44E-03,1.61E-02,1.88E-02,5.29E-03,3.40E-02,,,0.32,0.11,-133.06,0.52,0.12,30.06,-131.92,0.5,0.12,-132.06,14.74,-0.007537175,-0.008563705,,
1604,37,Schmidt et al. 2014 OCEOL,Predator,2,,Terrestrial,,Metazoan,Invertebrate,Arachnid,Spider,Pardosa milvina,Adult female,,Metazoan,Invertebrate,Insect,Orthoptera,House cricket,Acheta domesticus,Adult?,,Point,N,168,,Y,8,5.11E+02,,2.50E+02,Alternate species mass,,1,4.30E+01,Average species mass,4,1609,0.99,-11.87,6.16E-03,5.80E-03,6.75E-03,5.58E-03,3.64E-11,1.27E-02,,,0.01,0.02,-144.08,0.01,0.03,174.51,-144.34,0.01,0.03,-144.68,165.35,0.004197914,0.001803605,,
2239,38,Stier and White 2014 COR REEFS,Predator,2.5,Y,Aquatic,Marine,Metazoan,Vertebrate,Fish,Perciformes,Cephalopholis fulva,,,Metazoan,Vertebrate,Fish,Labriformes,,Thalassoma  bifasciatum,,,Point,N,,,Y,2,6.00E+05,,3.01E+05,,https://peerj.com/articles/825/,,,,,2244,0.31,1.46,1.36E+00,3.62E-01,1.51E+01,3.21E-01,7.21E-02,5.26E-01,Pred densities are approximate number per m2,,0.03,0.06,-149.37,0.04,0.06,247.27,-147.65,0.04,0.07,-147.17,152.95,-0.014687992,-0.011504123,,
2240,38,Stier and White 2014 COR REEFS,Predator,2.5,Y,Aquatic,Marine,Metazoan,Vertebrate,Fish,Perciformes,Cephalopholis fulva,,,Metazoan,Vertebrate,Fish,Labriformes,,Thalassoma  bifasciatum,,,Point,N,,,Y,4,6.00E+05,,3.01E+05,,https://peerj.com/articles/825/,,,,,2245,0.36,-4.78,2.27E-01,7.36E-02,5.50E-01,4.21E-01,1.37E-12,1.05E+00,Pred densities are approximate number per m2,,0,0,-134.94,0,0,113211.95,-132.83,0,0.01,-130.37,84150.74,-0.033909349,-0.015679042,,
2241,38,Stier and White 2014 COR REEFS,Predator,2.5,Y,Aquatic,Marine,Metazoan,Vertebrate,Fish,Perciformes,Cephalopholis fulva,,,Metazoan,Vertebrate,Fish,Labriformes,,Thalassoma  bifasciatum,,,Point,N,,,Y,5,6.00E+05,,3.01E+05,,https://peerj.com/articles/825/,,,,,2246,0.57,-22.18,1.36E-01,6.78E-02,5.47E-01,3.43E-01,3.35E-12,2.89E+00,Pred densities are approximate number per m2,,0,0.17,-48.68,0,0.37,18967.7,-49.65,0,0.27,-48.69,16632.38,0.000217746,0.01981306,,
1681,39,Taylor 1988 J ANIMAL ECO,Parasitoid,2,,Terrestrial,,Metazoan,Invertebrate,Insect,Hymenoptera,Bracon hebetor,Adult female,3,Metazoan,Invertebrate,Insect,Lepidoptera,Mediterranean flour moth,Anagasta kuehniella,Small larvae,2,Point,N,,,Y,1,1.77E+02,,1.06,,"https://jad.hcmuaf.edu.vn/index.php/jad/article/view/1126#:~:text=Females%20of%20B.,was%203.5%20%200.21%20mm.",,2.25E+01,Original species mass,1,1686,0.65,-7.91,1.77E-02,9.49E-03,2.74E-02,1.62E-01,3.72E-02,2.04E-01,,,0,0.02,-108.5,0,0.02,109676.53,-107.41,0,0.02,-107.09,27266.54,-0.012990822,-0.0100692,,
1684,40,Taylor 1988 J ANIMAL ECO,Parasitoid,2,,Terrestrial,,Metazoan,Invertebrate,Insect,Hymenoptera,Bracon hebetor,Adult female,3,Metazoan,Invertebrate,Insect,Lepidoptera,Mediterranean flour moth,Anagasta kuehniella,Medium larvae,2,Point,N,,,Y,1,1.77E+02,,1.06,,"https://jad.hcmuaf.edu.vn/index.php/jad/article/view/1126#:~:text=Females%20of%20B.,was%203.5%20%200.21%20mm.",,3.00E+01,Original species mass,2,1689,0.22,9.16,4.10E-02,2.14E-02,1.19E-01,2.67E-01,1.88E-01,3.68E-01,,,0,0,-116.48,0,0,146852.74,-110.43,0,0,-112.43,38856.61,-0.034776937,-0.051915118,,
1687,41,Taylor 1988 J ANIMAL ECO,Parasitoid,2,,Terrestrial,,Metazoan,Invertebrate,Insect,Hymenoptera,Bracon hebetor,Adult female,3,Metazoan,Invertebrate,Insect,Lepidoptera,Indianmeal moth,Plodia interpunctella,Small larvae,2,Point,N,,,Y,1,1.77E+02,,1.06,,"https://jad.hcmuaf.edu.vn/index.php/jad/article/view/1126#:~:text=Females%20of%20B.,was%203.5%20%200.21%20mm.",,1.25E+01,Original species mass,4,1692,0.36,12.69,2.37E-02,1.13E-02,5.34E-02,1.82E-01,1.08E-01,2.48E-01,,,0,0,-138.51,0,0,131831.01,-136.08,0,0,-131.15,120165.92,-0.05318843,-0.017532209,,
1690,42,Taylor 1988 J ANIMAL ECO,Parasitoid,2,,Terrestrial,,Metazoan,Invertebrate,Insect,Hymenoptera,Bracon hebetor,Adult female,3,Metazoan,Invertebrate,Insect,Lepidoptera,Indianmeal moth,Plodia interpunctella,Medium larvae,2,Point,N,,,Y,1,1.77E+02,,1.06,,"https://jad.hcmuaf.edu.vn/index.php/jad/article/view/1126#:~:text=Females%20of%20B.,was%203.5%20%200.21%20mm.",,1.75E+01,Original species mass,5,1695,0.35,14.17,1.35E-02,5.31E-03,3.78E-02,1.38E-01,1.24E-03,2.80E-01,,,0,0.03,-105.28,0,0.03,86532.22,-105.71,0,0.03,-105.83,32681.57,0.005187,0.004032985,,
1682,39,Taylor 1988 J ANIMAL ECO,Parasitoid,2,,Terrestrial,,Metazoan,Invertebrate,Insect,Hymenoptera,Bracon hebetor,Adult female,3,Metazoan,Invertebrate,Insect,Lepidoptera,Mediterranean flour moth,Anagasta kuehniella,Small larvae,2,Point,N,,,Y,2,1.77E+02,,1.06,,"https://jad.hcmuaf.edu.vn/index.php/jad/article/view/1126#:~:text=Females%20of%20B.,was%203.5%20%200.21%20mm.",,2.25E+01,Original species mass,1,1687,0.35,-2.51,1.42E-02,8.00E-03,2.94E-02,1.87E-01,1.18E-01,2.44E-01,,,0,0.29,-94.17,0,0.72,82313.76,-93.97,0,0.79,-94.07,24613.73,-0.001115822,-0.002205173,,
1685,40,Taylor 1988 J ANIMAL ECO,Parasitoid,2,,Terrestrial,,Metazoan,Invertebrate,Insect,Hymenoptera,Bracon hebetor,Adult female,3,Metazoan,Invertebrate,Insect,Lepidoptera,Mediterranean flour moth,Anagasta kuehniella,Medium larvae,2,Point,N,,,Y,2,1.77E+02,,1.06,,"https://jad.hcmuaf.edu.vn/index.php/jad/article/view/1126#:~:text=Females%20of%20B.,was%203.5%20%200.21%20mm.",,3.00E+01,Original species mass,2,1690,0.4,-2,1.28E-02,7.15E-03,3.50E-02,1.90E-01,1.19E-01,2.45E-01,,,0,0.01,-125.84,0,0.01,115968.4,-124.23,0,0.01,-120.43,74306.96,-0.04296268,-0.012795725,,
1688,41,Taylor 1988 J ANIMAL ECO,Parasitoid,2,,Terrestrial,,Metazoan,Invertebrate,Insect,Hymenoptera,Bracon hebetor,Adult female,3,Metazoan,Invertebrate,Insect,Lepidoptera,Indianmeal moth,Plodia interpunctella,Small larvae,2,Point,N,,,Y,2,1.77E+02,,1.06,,"https://jad.hcmuaf.edu.vn/index.php/jad/article/view/1126#:~:text=Females%20of%20B.,was%203.5%20%200.21%20mm.",,1.25E+01,Original species mass,4,1693,0.44,-2.16,1.01E-02,5.54E-03,2.56E-02,1.61E-01,9.32E-02,2.67E-01,,,0,0,-128.41,0,0.01,110404.89,-127.69,0,0.01,-125.73,82609.87,-0.020852532,-0.005646815,,
1691,42,Taylor 1988 J ANIMAL ECO,Parasitoid,2,,Terrestrial,,Metazoan,Invertebrate,Insect,Hymenoptera,Bracon hebetor,Adult female,3,Metazoan,Invertebrate,Insect,Lepidoptera,Indianmeal moth,Plodia interpunctella,Medium larvae,2,Point,N,,,Y,2,1.77E+02,,1.06,,"https://jad.hcmuaf.edu.vn/index.php/jad/article/view/1126#:~:text=Females%20of%20B.,was%203.5%20%200.21%20mm.",,1.75E+01,Original species mass,5,1696,0.52,-10.56,1.35E-02,7.51E-03,2.24E-02,1.85E-01,1.45E-01,2.20E-01,,,0.41,0.39,-76.62,0.5,2.64,11.63,-76.6,0.49,2.64,-76.67,12.31,0.000690394,-0.000287141,,
1683,39,Taylor 1988 J ANIMAL ECO,Parasitoid,2,,Terrestrial,,Metazoan,Invertebrate,Insect,Hymenoptera,Bracon hebetor,Adult female,3,Metazoan,Invertebrate,Insect,Lepidoptera,Mediterranean flour moth,Anagasta kuehniella,Small larvae,2,Point,N,,,Y,4,1.77E+02,,1.06,,"https://jad.hcmuaf.edu.vn/index.php/jad/article/view/1126#:~:text=Females%20of%20B.,was%203.5%20%200.21%20mm.",,2.25E+01,Original species mass,1,1688,0.73,-28.24,6.10E-03,4.25E-03,1.12E-02,1.93E-01,1.40E-01,2.80E-01,,,0,0,-115.38,0,0,70134.95,-114.57,0,0,-114.81,24763.06,-0.004963776,-0.007049529,,
1686,40,Taylor 1988 J ANIMAL ECO,Parasitoid,2,,Terrestrial,,Metazoan,Invertebrate,Insect,Hymenoptera,Bracon hebetor,Adult female,3,Metazoan,Invertebrate,Insect,Lepidoptera,Mediterranean flour moth,Anagasta kuehniella,Medium larvae,2,Point,N,,,Y,4,1.77E+02,,1.06,,"https://jad.hcmuaf.edu.vn/index.php/jad/article/view/1126#:~:text=Females%20of%20B.,was%203.5%20%200.21%20mm.",,3.00E+01,Original species mass,2,1691,0.68,-29.73,6.79E-03,4.73E-03,1.05E-02,2.03E-01,1.57E-01,2.46E-01,,,0,0.01,-124.95,0,0.01,144952.55,-121.46,0,0.01,-109.44,106487.9,-0.124110169,-0.027880866,,
1689,41,Taylor 1988 J ANIMAL ECO,Parasitoid,2,,Terrestrial,,Metazoan,Invertebrate,Insect,Hymenoptera,Bracon hebetor,Adult female,3,Metazoan,Invertebrate,Insect,Lepidoptera,Indianmeal moth,Plodia interpunctella,Small larvae,2,Point,N,,,Y,4,1.77E+02,,1.06,,"https://jad.hcmuaf.edu.vn/index.php/jad/article/view/1126#:~:text=Females%20of%20B.,was%203.5%20%200.21%20mm.",,1.25E+01,Original species mass,4,1694,0.64,-13.06,6.45E-03,4.62E-03,1.11E-02,1.62E-01,1.11E-01,2.25E-01,,,0,0.01,-118.16,0,0.01,110528.2,-116.2,0,0.01,-116.1,34464.67,-0.017366363,-0.016544339,,
1692,42,Taylor 1988 J ANIMAL ECO,Parasitoid,2,,Terrestrial,,Metazoan,Invertebrate,Insect,Hymenoptera,Bracon hebetor,Adult female,3,Metazoan,Invertebrate,Insect,Lepidoptera,Indianmeal moth,Plodia interpunctella,Medium larvae,2,Point,N,,,Y,4,1.77E+02,,1.06,,"https://jad.hcmuaf.edu.vn/index.php/jad/article/view/1126#:~:text=Females%20of%20B.,was%203.5%20%200.21%20mm.",,1.75E+01,Original species mass,5,1697,0.64,-15.98,6.39E-03,4.36E-03,1.01E-02,1.78E-01,1.39E-01,2.40E-01,,,0.06,0.01,-56.09,0.09,0.01,105.43,-56.54,0.08,0.01,-56.77,48.78,0.012195958,0.008110123,,
677,43,Von Westernhagen and Rosenthal 1976 FISHERY BULLETIN,Predator,3,,Aquatic,Marine,Metazoan,Invertebrate,Crustacean,Amphipod,Hyperoche medusarum,"Immature, wild caught",,Metazoan,Vertebrate,Fish,Clupeidae,Pacific herring,Clupea harengus,Yolk-sac larvae,,Mean,N,,9,Y,1,,5.00E+02,6.63E-02,Original length,,1,3.91E+00,Original length,6,682,0.66,124.58,2.51E-04,1.78E-04,3.59E-04,5.54E-02,2.40E-02,9.36E-02,,,0.03,0.01,-55.14,0.04,0.01,141.02,-55.06,0.04,0.01,-55.31,87.49,0.003147945,-0.001398431,,
678,43,Von Westernhagen and Rosenthal 1976 FISHERY BULLETIN,Predator,3,,Aquatic,Marine,Metazoan,Invertebrate,Crustacean,Amphipod,Hyperoche medusarum,"Immature, wild caught",,Metazoan,Vertebrate,Fish,Clupeidae,Pacific herring,Clupea harengus,Yolk-sac larvae,,Mean,N,,9,Y,2,,5.00E+02,6.63E-02,Original length,,1,3.91E+00,Original length,6,683,0.58,72.22,1.86E-04,1.31E-04,2.74E-04,1.14E-01,6.41E-02,1.73E-01,,,0.04,0.03,-61.15,0.07,0.03,181.48,-59.81,0.08,0.03,-58.62,150.01,-0.041445008,-0.021950802,,
679,43,Von Westernhagen and Rosenthal 1976 FISHERY BULLETIN,Predator,3,,Aquatic,Marine,Metazoan,Invertebrate,Crustacean,Amphipod,Hyperoche medusarum,"Immature, wild caught",,Metazoan,Vertebrate,Fish,Clupeidae,Pacific herring,Clupea harengus,Yolk-sac larvae,,Mean,N,,9,Y,4,,5.00E+02,6.63E-02,Original length,,1,3.91E+00,Original length,6,684,0.59,5.65,1.37E-04,9.47E-05,2.12E-04,2.14E-01,1.23E-01,3.18E-01,,,27240.63,3.28,-6.77,28236.39,26.35,0.86,-6.9,28031.91,25.64,-6.89,0.88,0.017573236,0.019274139,,
680,43,Von Westernhagen and Rosenthal 1976 FISHERY BULLETIN,Predator,3,,Aquatic,Marine,Metazoan,Invertebrate,Crustacean,Amphipod,Hyperoche medusarum,"Immature, wild caught",,Metazoan,Vertebrate,Fish,Clupeidae,Pacific herring,Clupea harengus,Yolk-sac larvae,,Mean,N,,9,Y,8,,5.00E+02,6.63E-02,Original length,,1,3.91E+00,Original length,6,685,0.61,-15.04,7.24E-05,5.07E-05,1.08E-04,1.78E-01,8.28E-02,3.24E-01,,,35816.85,5.24,-1.31,36056.21,34.66,1.1,-1.64,35681.63,35.76,-1.71,1.09,0.30631224,0.254318454,,
681,43,Von Westernhagen and Rosenthal 1976 FISHERY BULLETIN,Predator,3,,Aquatic,Marine,Metazoan,Invertebrate,Crustacean,Amphipod,Hyperoche medusarum,"Immature, wild caught",,Metazoan,Vertebrate,Fish,Clupeidae,Pacific herring,Clupea harengus,Yolk-sac larvae,,Mean,N,,9,Y,16,,5.00E+02,6.63E-02,Original length,,1,3.91E+00,Original length,6,686,0.67,-20.2,4.85E-05,3.72E-05,7.08E-05,1.15E-01,1.52E-02,2.42E-01,,,0,1.58,-25.46,0.01,4.41,1809.98,-25.98,0,3.89,-25.39,1228.16,-0.002736743,0.020398747,,